id,Address,Response_Address,Response_X,Response_Y
0,臺北市北投路２段１１號地下１樓,,,
3,彰化縣鹿港鎮復興路210號,,,
4,花蓮縣花蓮市國聯二路110號,,,
5,花蓮縣玉里鎮和平路92號,,,
7,臺中市豐原區成功路198號,,,
8,臺中市東區大智路３５０巷２號１樓,,,
9,臺中市霧峰區民生路75號1樓,,,
11,臺中市沙鹿區大同街119-1號1樓,,,
13,臺南市新營區復興路150-3號1樓,,,
14,臺南市麻豆區大埕里博愛路7號,,,
15,基隆市七堵區南興路106號,,,
17,臺北市內湖區港墘路127巷10號地下1層,,,
19,花蓮縣光復鄉中山路2段299-1、299-2號1樓,,,
20,臺中市西屯區臺灣大道二段799號,,,
21,臺中市沙鹿區鹿寮里中山路434號1樓,,,
22,雲林縣斗六市林頭里莊敬路43號,,,
23,雲林縣虎尾鎮光復路503-8號1樓,,,
27,嘉義市東區吳鳳南路529號1樓,,,
28,高雄市鳳山區光復路107號,,,
30,新北市蘆洲區水湳街７４號１、２樓,,,
31,臺南市歸仁區新厝村6鄰復興路87號1樓,,,
32,臺北市中山區吉林路213、215、217、219號1樓,,,
33,新北市新店區北新路2段252號地下1層,,,
34,臺南市學甲區華宗路501號,,,
35,桃園市楊梅區瑞溪路2段161、163號,,,
36,臺中市沙鹿區鎮南路2段46號,,,
37,高雄市楠梓區右昌街543號,,,
38,高雄市三民區鼎中路668號1樓、2樓,,,
39,南投縣國姓鄉石門村中興路72號及成功街23號,,,
40,臺南市永康區中山南路451號,,,
41,臺南市南區夏林路71號,,,
43,新竹市北區南寮里西濱路1段448號,,,
44,新北市新莊區幸福路501、503號,,,
45,新竹市北區武陵路157-1號,,,
46,嘉義縣民雄鄉大學路3段218、220、222號,,,
47,屏東縣萬巒鄉萬巒村褒忠路229-1號,,,
49,苗栗縣頭份市中華路818號,,,
50,臺南市仁德區中清路167、169號,,,
51,新北市中和區民德路187號地下1層,,,
52,臺中市石岡區豐勢路883、885號,,,
53,基隆市安樂區樂利三街146、148號,,,
54,臺中市大里區新芳路1號,,,
55,新竹縣湖口鄉鳳凰村民富街26號,,,
56,雲林縣口湖鄉湖東村中正路1段187號,,,
57,高雄市鳳山區頂豐街21、23、25、27號,,,
58,高雄市旗津區中洲二路179-11號,,,
60,臺北市中山區松江路318號,,,
61,新竹市東區自由路95巷38弄1號,,,
62,桃園市龍潭區中豐路293、295、297、299、301、303號,,,
63,金門縣金湖鎮新湖里塔后147、149號,,,
64,苗栗縣苑裡鎮世界路1段91-13號,,,
65,新北市板橋區莒光路217號地下1樓及227號地下1樓,,,
66,嘉義縣梅山鄉梅北村中山路332-5號,,,
67,高雄市茄萣區仁愛路2段167號,,,
68,桃園市中壢區後興路1段168號,,,
69,臺中市西屯區河南路4段26號,,,
70,臺南市關廟區南雄路1段1001號,,,
71,新北市樹林區學勤路209、211號,,,
72,臺北市內湖區成功路4段30巷40號地下,,,
73,臺中市西屯區潮洋里黎明路2段866號,,,
75,臺中市西屯區河南路2段466號,,,
76,臺中市西屯區國安一路128號,,,
77,桃園市平鎮區環南路3段67、69、71、73號,,,
78,新竹市東區光復路1段250號,,,
79,桃園市蘆竹區福昌里3鄰南福街102號,,,
80,臺中市北區東光路346、348號,,,
81,嘉義市西區博愛路1段261號,,,
82,新北市板橋區中山路1段252號、254號、256號、258號、260號,,,
83,高雄市旗山區中華路31、33號,,,
84,臺南市南區興南街200號,,,
85,高雄市三民區九如一路278號,,,
86,新北市永和區中和路489號地下1樓,,,
87,新竹市香山區香北路58號,,,
88,臺東縣關山鎮和平路1-20號、1-21號、1-22號,,,
89,新北市泰山區全興路101號,,,
90,屏東縣潮州鎮光復路179號,,,
91,臺南市南區明興路53、55、57號,,,
92,花蓮縣壽豐鄉壽山路33、35號,,,
93,新北市林口區文化二路1段106、108號,,,
94,基隆市七堵區百三街107號1樓,,,
95,彰化縣埤頭鄉合興村斗苑西路179號,,,
96,花蓮縣花蓮市中美路113-6、113-7、113-8號,,,
97,臺北市文山區福興路62號,,,
98,新竹縣竹北市隘口六街57號,,,
99,新北市土城區立仁街42號地下1層,,,
100,臺中市神岡區中正路21號,,,
101,新北市三重區捷運路39、41號,,,
102,臺中市中區三民路2段140號,,,
103,苗栗縣銅鑼鄉大同路51、53號,,,
104,新北市新莊區中原東路192、196號1~2樓,,,
106,新北市新莊區中港路526、528號,,,
107,臺中市北屯區太原路3段191之1號,,,
108,臺北市中正區板溪里和平西路1段52、54號,,,
109,苗栗縣卓蘭鎮昭永路1號,,,
110,新北市新店區中正路189巷2-1號,,,
111,臺北市內湖區安湖里東湖路33巷19號地下一層,,,
113,臺北市文山區興業里興隆路2段252號,,,
115,臺北市大安區樂利路89、91號,,,
116,新北市新莊區豐年街21號,,,
117,新北市樹林區樹德街35號,,,
118,臺中市北區健行路447號,,,
119,新北市中和區中正路80號,,,
120,新北市新店區中正路12、12-1、12-2號及12號地下層,,,
121,臺北市大安區安和路2段88號,,,
122,臺北市北投區永欣里行義路10巷2號,,,
123,臺中市豐原區三豐路二段8號,,,
124,臺北市中山區新喜里吉林路413號1、2樓,,,
125,新北市永和區竹林路168號地下1層、地下1層之1、地下1層之2,,,
127,雲林縣虎尾鎮林森路2段23號,,,
128,臺北市信義區莊敬路325巷58號,,,
130,臺北市松山區富泰里三民路108號地下,,,
131,臺北市士林區天玉里天母西路3號地下,,,
132,新北市蘆洲區民族路31號,,,
133,臺中市南屯區黎明路2段68、70號,,,
135,新北市新莊區建中街62號1樓,,,
136,臺中市南區國光路198號,,,
137,臺北市大安區泰順街45號,,,
138,臺北市中山區晴光里林森北路575-1、575-3、575-4、575-6、575-7、575-8、575-9號,,,
139,臺中市北屯區中清路2段392、398、406號,,,
140,新北市板橋區南雅南路2段122-23號1樓,,,
141,臺北市中山區長春路258巷6號,,,
142,臺中市龍井區新興路87號,,,
143,新北市板橋區文化路1段360號地下1層之31、32,,,
144,屏東縣長治鄉新潭村潭頭路86號,,,
145,臺中市西屯區大鵬路107號,,,
146,臺北市信義區松隆路125號,,,
147,臺北市內湖區民權東路6段296巷20號,,,
148,宜蘭縣宜蘭市新東里校舍路116號,,,
149,新北市中和區安平路109號,,,
150,臺中市西屯區西屯路3段157之1號,,,
151,花蓮縣花蓮市建國路2段262、266號,,,
152,雲林縣斗六市文化路65號,,,
153,臺中市西區五權五街68號,,,
154,高雄市苓雅區正義路248號,,,
155,高雄市鳳山區武營路236號,,,
157,臺北市北投區吉利街125號1樓,,,
158,高雄市三民區大昌二路146號,,,
160,桃園市大園區和平東路65號,,,
161,高雄市大樹區新鎮路850、858、866號,,,
162,臺中市大甲區民生路13號1樓,,,
164,嘉義縣中埔鄉和美村司公?73-1、73-2、73-3、73-4號,,,
165,新北市淡水區大庄里沙崙路50號,,,
166,臺中市北屯區松竹五路180、182、186號,,,
167,桃園市龜山區文化里復興一路8號B1,,,
168,臺北市中正區永昌里南海路102號地下室,,,
169,臺南市安南區育安街116、120號,,,
170,臺北市內湖區文德路212號地下1層,,,
171,高雄市鳳山區經武路375、377號,,,
172,臺北市松山區民權東路3段140巷15號,,,
173,臺北市大安區仁愛路3段24巷12號,,,
174,臺北市士林區蘭雅里德行東路109巷104號,,,
175,彰化縣員林市中央里員集路2段269、271號,,,
176,彰化縣永靖鄉港西村永社路291號,,,
177,臺北市中正區板溪里南昌路2段112號地下1樓,,,
178,苗栗縣竹南鎮大埔里公義路1146號,,,
179,臺北市文山區景慶里羅斯福路6段218號地下1層,,,
180,南投縣魚池鄉魚池村魚池街539號,,,
183,臺中市南屯區豐樂里文心南三路690、692號,,,
184,桃園市平鎮區貿易里貿五路12、18號,,,
185,澎湖縣馬公市啟明里民權路51號,,,
186,雲林縣西螺鎮中興里中山路500號,,,
187,基隆市信義區孝深里孝東路92號、96號、92號地下一層之1、92號地下一層之2,,,
188,高雄市左營區新上里自由二路325-1號,,,
189,新北市中和區秀峰里景德街7號、9號一樓,,,
190,臺南市安平區國平里華平路271、273、275、277號,,,
191,高雄市岡山區程香里岡燕路338號,,,
192,高雄市鳳山區保安里保南二路207、209號,,,
193,桃園市八德區大華里介壽路2段333、335、339號,,,
194,澎湖縣馬公市東文里新店路398號,,,
195,桃園市平鎮區湧安里祥安街1號,,,
196,臺北市士林區天山里中山北路7段154巷6號1、2樓,,,
198,臺北市內湖區寶湖里民權東路6段208號2樓,,,
199,桃園市八德區高明里永豐路560、562、564號,,,
200,屏東縣內埔鄉龍潭村24鄰昭勝路410號、412號,,,
201,桃園市桃園區忠義里大業路1段136號,,,
202,基隆市安樂區麥金路201號地下1層之2、之3、之5,,,
203,臺中市南屯區大興里永春東路148、150、152、156、158號,,,
204,臺中市豐原區中陽里向陽路126、130號及130號地下樓之1、之2,,,
205,新竹市北區客雅里延平路1段214巷10、12號,,,
206,臺南市永康區安康里中華路735、737、739號,,,
207,臺北市士林區忠誠里忠誠路一段56號1樓,,,
208,彰化縣永靖鄉瑚璉村新興路53號,,,
209,高雄市鼓山區忠正里新疆路91號,,,
210,臺中市大里區永隆里爽文路879號,,,
211,桃園市八德區興仁里興豐路392、396、398號,,,
212,新北市中和區工專路28、30號1樓,,,
213,臺北市松山區自強里健康路243號地下一層,,,
214,高雄市鼓山區龍水里美術南三路231、233號,,,
215,高雄市左營區新光里文康路85號,,,
216,臺北市中山區金泰里敬業四路33號8樓,,,
217,新北市新店區中央里中央五街60號,,,
218,新北市土城區頂福里中州路28巷30號1樓及2樓,,,
219,新竹縣湖口鄉中正村中山路一段726、728號、溪南二街53號,,,
220,新竹縣芎林鄉芎林村文德路38、40號,,,
221,新北市中和區連城里安邦街18號,,,
222,新竹市東區關新里關新西街163、165號,,,
223,新竹縣竹北市鹿場里莊敬南路125、127、129、131號,,,
224,新北市林口區仁愛路2段196之1、196之2、198、198之1、198之2、198之3,,,
226,新北市泰山區明志路３段８７號１樓,,,
228,臺南市南區永成路3段523號,,,
229,臺南市善化區中正路419號1樓,,,
230,臺北市萬華區西園路２段２１７號１樓,,,
231,宜蘭縣羅東鎮公正里倉前路49號1樓,,,
232,臺中市太平區東平里東平路499號1樓,,,
233,屏東縣東港鎮東興里10鄰長春一路80號1樓,,,
235,新北市板橋區大觀路3段236號地下一層,,,
236,新北市三重區光明里重安街70號2樓,,,
237,宜蘭縣宜蘭市復興路2段36號1樓,,,
238,臺北市松山區吉仁里八德路３段１０６巷１號１樓,,,
239,臺北市松山區健康路399號1樓,,,
241,新北市中和區南山里南華路27號地下1層,,,
243,基隆市信義區義六路5之1號底層,,,
244,臺北市中正區忠孝東路一段86號1樓,,,
246,臺中市潭子區潭子街１段３１巷６４號１樓,,,
247,基隆市中正區中正路389號、389-1~389-7號,,,
248,臺南市南區金華路2段85號1樓,,,
250,花蓮縣吉安鄉建國路１段１１９之３號１樓,,,
252,南投縣埔里鎮自強路８０號１樓,,,
253,宜蘭縣冬山鄉冬山路1段837號1樓,,,
254,新北市土城區裕民路１１６號地下一樓,,,
255,新北市土城區金城路3段12號地下1層之1,,,
256,基隆市安樂區基金一路１３５巷２１弄２－２號１樓,,,
258,臺北市萬華區廣州街263號1樓,,,
259,基隆市仁愛區成功一路133巷1號地下1層,,,
260,桃園市平鎮區湧光里南豐路55號1樓,,,
261,臺中市東區十甲路４５２號１樓,,,
263,臺北市信義區吳興街156巷6號1、2樓,,,
265,高雄市楠梓區德民路838號1樓,,,
266,新北市三重區中正北路592、594號1樓,,,
267,南投縣草屯鎮山腳里虎山路500-1、2、3、4號1樓,,,
268,臺南市白河區白河里富民路142號1樓,,,
271,嘉義市忠孝路４３６號１樓,,,
272,新北市三重區三和路四段380號地下1樓、地下1樓之1,,,
274,臺南市東區崇明路385號1樓,,,
276,臺南市永康區復國里復國一路5號,,,
277,高雄市鳳山區保泰路376號,,,
278,新北市五股區德音村成泰路1段235之13號1樓,,,
279,宜蘭縣羅東鎮中正南路88、90號1樓,,,
280,臺中市大雅區大雅村雅環路二段87號1樓,,,
282,臺北市士林區社正路59號61及61之1號1樓,,,
283,臺中市北區崇德路1段230號1樓,,,
284,新北市汐止區龍安路28巷6號地下1層,,,
285,新北市板橋區光武街61號地下1樓,,,
288,新北市新莊區民安路188巷5號地下1樓之2,,,
290,新北市三重區重新路2段78號地下1層之21,,,
291,苗栗縣苗栗市中華路132號,,,
292,澎湖縣馬公市光榮里文光路85號1樓,,,
293,臺中市外埔區大同村六分路297號1樓,,,
295,桃園市中壢區中美路2段77號1樓,,,
296,臺北市中山區吉林路26巷34號1樓,,,
297,臺北市文山區興隆路4段143號地下,,,
298,臺南市北區和緯路2段172號1樓,,,
299,新北市汐止區建成路58號地下一層,,,
301,彰化縣北斗鎮光復里復興路353號1樓,,,
302,臺中市南區福平里復興路2段160號1樓,,,
303,高雄市左營區富國路87號1樓,,,
305,屏東縣恆春鎮城北里西門路110號1樓,,,
307,臺南市東區自強里中華東路2段237號1樓,,,
308,臺北市大安區忠孝東路4段126之1號房屋地下1層,,,
309,基隆市七堵區百六街116號地下1樓,,,
310,臺中市潭子區頭家村中山路1段225巷6號、8號1樓,,,
311,高雄市苓雅區日中里林森二路36號1樓,,,
312,臺北市信義區大道里林口街176號1樓及地下1層,,,
313,高雄市左營區華夏路1255號,,,
314,宜蘭縣三星鄉中山路2段39號1樓,,,
315,雲林縣北港鎮民享路9號1樓,,,
317,臺中市太平區宜昌里宜昌路568號1樓,,,
318,臺中市神岡區昌平路五段313巷1號1樓,,,
319,臺中市南屯區南屯里黎明路1段1040號1樓,,,
320,臺南市永康區崑山里崑山街1號1樓,,,
321,高雄市大社區中山路347號1樓,,,
322,屏東縣屏東市大連里大連路21號1樓,,,
323,高雄市阿蓮區南蓮村民族路38巷13號1樓,,,
324,宜蘭縣頭城鎮開蘭路149號地下1層,,,
326,臺北市士林區延平北路5段238、240號,,,
327,新北市中和區秀朗路3段175巷2號地下1層,,,
328,臺北市士林區福中里福港街104號1樓,,,
330,高雄市三民區明誠一路360號1樓,,,
332,高雄市楠梓區軍校路800號1樓,,,
333,臺南市北區賢北里和緯路5段30號1樓,,,
334,屏東縣高樹鄉長榮村信義路21號,,,
336,宜蘭縣五結鄉五結路2段448號1樓,,,
337,雲林縣斗六市公誠里杭州街18號1樓,,,
338,高雄市燕巢區中民路709-3號1樓,,,
339,彰化縣彰化市西興里自強南路589號1樓,,,
340,高雄市林園區東林西路394號1樓,,,
341,新北市板橋區金門街295號地下1層,,,
344,臺中市北屯區水景里東山路1段173之1號1樓,,,
345,高雄市新興區復興二路260號1、2樓,,,
346,臺中市北區陝西路66號1樓,,,
347,臺北市文山區羅斯福路5段170巷41號1樓,,,
348,臺北市內湖區西安里文湖街31號及地下一層,,,
349,臺北市大安區和平東路1段63號地下1樓,,,
350,臺北市大安區建國南路2段123巷16號地下1樓,,,
351,新北市新店區三民路42之1號1樓,,,
353,新竹縣竹北市十興里勝利六街36號1樓,,,
354,臺北市萬華區興寧街2號1樓,,,
356,臺南市仁德區後壁村民安路1段402號1樓,,,
358,高雄市三民區建工路736號1樓,,,
360,新北市永和區正興里中正路742號地下室,,,
361,臺北市中山區朱馥里興安街55號地下樓,,,
362,新北市金山區中山路114號1樓,,,
363,雲林縣斗六市鎮南里南興街43號1樓,,,
364,高雄市仁武區仁和村仁雄路25-1號1樓,,,
365,桃園市平鎮區中豐路南勢2段326號1樓,,,
366,桃園市蘆竹區大竹里大新一街15號1樓,,,
367,高雄市三民區大昌二路525號1樓,,,
368,基隆市中山區德和里復興路151號1樓,,,
369,彰化縣彰化市延平里延平路475巷2號1樓、彰化縣彰化市延平里延平路479號1樓,,,
370,臺北市大安區市民大道4段190號1、2樓,,,
371,嘉義縣民雄鄉福樂村埤角139號1樓,,,
372,臺北市文山區木柵路1段177號1、2樓,,,
373,臺北市文山區忠順街2段22號1、2樓,,,
374,新竹縣竹東鎮雞林里仁愛路226、228、230號1樓,,,
375,新北市深坑區平埔街22巷8號1、2樓,,,
376,臺北市中山區集英里錦西街8號1樓,,,
377,新北市新店區公倫里安康路2段133號1樓,,,
379,雲林縣麥寮鄉中山路436、438號1樓,,,
380,嘉義市西區四維路368號1樓,,,
382,高雄市前金區東金里中華三路171號1樓,,,
383,臺北市文山區木柵里木柵路3段41號1樓,,,
384,屏東縣屏東市勝利里自由路589號1樓,,,
385,高雄市林園區王公村林園北路495巷1號1樓,,,
386,新北市汐止區忠孝東路429、431、433號1樓,,,
388,臺北市內湖區清白里星雲街163號1樓,,,
389,臺北市士林區天祿里士東路23號1樓,,,
392,高雄市左營區菜公里博愛三路336號1樓,,,
393,臺北市信義區松隆路36號1、2樓,,,
394,臺中市西屯區河南路125、127號1樓,,,
395,臺北市中正區南昌路1段51巷1號、1之1號、3弄1號1樓,,,
397,新北市三重區仁愛街278、280、282、284、286號1樓,,,
398,新北市瑞芳區中正路81號1樓、中山路27巷1號1樓,,,
400,雲林縣崙背鄉東明村中山路200號1樓,,,
401,臺南市永康區正強里正強街172號1樓,,,
403,臺南市永康區埔園里永大路3段39號1樓,,,
404,高雄市新興區建華里七賢二路12號1樓,,,
407,臺南市安南區鳳凰里安中路1段872號1樓,,,
408,高雄市鳳山區協和里平等路52號1樓,,,
409,新北市蘆洲區成功里長安街232號1樓,,,
411,高雄市路竹區竹南村中正路180號1樓,,,
412,高雄市苓雅區苓雅一路406-1號、仁智街169號1樓,,,
413,高雄市三民區九如一路609號1樓,,,
414,南投縣南投市龍泉里文昌街19號1樓,,,
415,新北市板橋區廣德里重慶路247號1樓,,,
416,新北市中和區光華街31巷2、4、6號1樓,,,
417,臺東縣太麻里鄉外環路190號,,,
418,臺東縣臺東市漢陽南路89號1樓,,,
419,臺東縣臺東市中山路370號1樓,,,
420,臺中市后里區墩東里三豐路三段855、857號,,,
421,臺南市南區日新里金華路1段367號1樓,,,
424,臺北市信義區松仁路240巷19號1、2樓,,,
425,臺北市南港區中坡南路7號1樓,,,
427,新北市新莊區新泰路85號地下1層之1,,,
428,桃園市中壢區元化路127號1樓,,,
430,宜蘭縣宜蘭市中山路3段95、97號1樓,,,
432,嘉義市西區友愛路402、404、406號1樓,,,
435,新北市新莊區後港一路68號1樓,,,
436,南投縣水里鄉南光村中山路1段273號1樓,,,
437,臺南市永康區中山南路282-5、282-6號1樓,,,
438,花蓮縣花蓮市廣東街262號1樓,,,
439,新北市三重區三和路二段139號1樓,,,
440,高雄市鳳山區中山路70巷2號1樓,,,
441,臺南市新化區太平里中正路540之1、2號1樓,,,
442,臺北市內湖區金龍路215號1樓,,,
443,臺中市西屯區何明里太原路1段85號,,,
444,苗栗縣竹南鎮光復路193巷48號,,,
445,新北市新店區大豐里建國路210號1樓,,,
446,新北市三重區集美街18之6、18之7、18之8號1樓,,,
447,新北市板橋區自強里中正路1巷16弄9及11號、1巷28號1樓,,,
449,彰化縣和美鎮仁化路150號1樓,,,
450,臺北市萬華區西藏路125巷9號、129之5及6號、131之4及5號1樓,,,
451,高雄市三民區寶安里覺民路617號1樓,,,
452,高雄市鳳山區瑞隆東路50號1樓,,,
453,臺南市歸仁區南保村中山路3段2號1樓,,,
454,桃園市蘆竹區南崁路152號1樓,,,
455,桃園市桃園區慈文路317號1樓,,,
456,桃園市中壢區忠孝里忠孝路152號1樓,,,
457,新北市汐止區康寧街430號1樓,,,
458,花蓮縣吉安鄉慶豐村中山路3段136、138號1樓,,,
460,宜蘭縣羅東鎮仁德里南門路86、88、90號1樓,,,
461,臺中市神岡區豐洲村五權路1號1樓,,,
462,高雄市左營區新中里自由三路20號1樓,,,
463,高雄市左營區福山里重信路8、10號1樓,,,
465,臺南市安南區安西里安和路1段463號1樓,,,
466,高雄市左營區左營大路272號1樓,,,
467,彰化縣彰化市新興里彰新路1段72號1樓,,,
468,臺北市大同區朝陽里民生西路280號1樓,,,
469,新北市泰山區明志路1段21、23號1樓,,,
470,苗栗縣苗栗市建功里縣府路123號1樓,,,
471,新竹市北區境福里中正路413號、415號1樓,,,
472,桃園市龜山區萬壽路1段161號地下1層,,,
473,桃園市中壢區實踐路26號1樓,,,
474,新北市板橋區重慶路66號地下室樓,,,
475,基隆市仁愛區忠勇里仁三路11號1樓,,,
476,新北市鶯歌區建國路85號1樓之1、6、12、18、23,,,
477,新北市永和區潭安里中正路247號、249號、得和路98號,,,
478,桃園市龜山區新興里自強南路83號1樓,,,
479,桃園市平鎮區北勢里和平路185號1樓,,,
480,桃園市大溪區文化路67號1樓,,,
482,桃園市中壢區中興里環中東路325號1樓,,,
484,新北市蘆洲區九芎街90巷6、8、10號1樓,,,
485,桃園市桃園區國際路2段117號1樓,,,
486,桃園市八德區福國北街79號1樓,,,
487,桃園市龍潭區北龍路19號1樓,,,
488,新北市蘆洲區重陽街46號1樓,,,
489,桃園市桃園區國際路1段1136號1樓,,,
490,新北市淡水區水碓里大忠街89號1樓,,,
491,臺南市永康區北灣里永大路2段936號,,,
492,桃園市桃園區莊敬路2段99號1樓,,,
493,桃園市新屋區中山路409號1樓,,,
494,桃園市桃園區中正路498、500號1、2樓,,,
495,臺北市萬華區民和街103、105號1樓,,,
496,臺中市沙鹿區北勢東路516、516-1號1、2樓,,,
497,臺中市大里區金德街16號1樓,,,
498,新竹縣竹北市中正東路136號1樓,,,
500,新北市樹林區佳園路1段41巷1號1樓,,,
501,高雄市岡山區民有路44、46號1、2樓、岡燕路40、42號1、2樓,,,
502,臺中市北區永興街242號1樓、太原路2段239號1樓,,,
503,新北市樹林區中山路1段29-1號1樓,,,
504,苗栗縣苗栗市青苗里中正路649號1樓,,,
505,新北市中和區景新街516號地下二層,,,
506,苗栗縣公館鄉大同路197、199、201號1樓,,,
507,新北市蘆洲區忠孝路23號1樓,,,
509,新北市板橋區民生路3段323號地下1樓之4,,,
511,桃園市中壢區中山路500號1樓,,,
512,新北市新莊區公園路129號1樓,,,
513,桃園市龍潭區中正路311-3號1樓,,,
514,桃園市八德區介壽路2段1060號1樓,,,
515,新北市中和區民樂路3號1樓,,,
516,桃園市桃園區桃鶯路196號1樓,,,
518,桃園市桃園區復興路380號1樓,,,
519,桃園市桃園區大有路581號1樓,,,
520,臺南市新市區中正路162號1樓,,,
521,高雄市楠梓區翠屏里德賢路479號1樓,,,
526,桃園市中壢區長春路119號1樓,,,
527,桃園市蘆竹區忠孝西路48、50號1樓,,,
528,新北市五股區工商路112、114號1樓,,,
529,苗栗縣頭份市信東路151號1樓,,,
531,彰化縣鹿港鎮頂草路1段25號1樓,,,
532,桃園市楊梅區中山北路1段260、262、264號,,,
533,新北市林口區西林里竹林路12號1樓,,,
534,基隆市信義區東明路177號1樓,,,
536,彰化縣彰化市進德路49巷35號1樓,,,
538,屏東縣東港鎮博愛街268-1號1樓,,,
539,高雄市楠梓區興楠路72號1樓,,,
540,雲林縣土庫鎮建國路161號1樓、三義路18-3號1樓,,,
541,彰化縣二林鎮斗苑路4段396號1樓、太平路1段12號1樓,,,
543,新北市樹林區保安街1段183號1樓,,,
544,彰化縣溪州鄉忠孝路5號1樓,,,
545,臺北市北投區中央北路2段181號1樓,,,
546,桃園市龍潭區中興路433號1樓,,,
547,臺北市內湖區民權東路6段90巷18號1樓,,,
548,新北市板橋區國光路57號地下室,,,
549,高雄市三民區自強一路245號1樓,,,
550,臺北市大同區民族西路235、237號1樓,,,
551,臺中市南區復興路3段126號1樓,,,
552,桃園市桃園區三民路3段11巷1號1樓,,,
553,新北市板橋區中山路2段326號1樓,,,
554,高雄市三民區明仁路57、59號,,,
555,臺南市善化區忠孝路66號1樓,,,
556,彰化縣福興鄉沿海路5段363、365號,,,
557,新北市中和區中山路3段35-2號1樓,,,
558,臺南市安南區海佃路3段138號1樓,,,
559,高雄市前鎮區康定路170號,,,
560,新北市泰山區文程路15號1樓,,,
562,高雄市仁武區永仁街352號,,,
563,臺中市烏日區長春街429、431號1樓,,,
564,臺北市中山區合江街137號1、2樓,,,
565,臺南市中西區金華路3段69號1樓,,,
566,桃園市大溪區慈湖路66號,,,
567,臺中市西區南屯路1段41號,,,
568,臺北市大安區永康街7巷6號1樓及地下、信義路2段198巷5-1號1樓,,,
570,高雄市梓官區中崙路231號1樓,,,
571,臺北市南港區研究院路3段68巷9號1樓,,,
572,新北市三峽區光明路59、61、63號1樓,,,
573,新北市板橋區江寧路3段29號1樓,,,
574,臺北市松山區民生東路3段130巷9號1樓,,,
575,新北市永和區福和路353號1樓,,,
579,花蓮縣玉里鎮仁愛路1段116、116-1號1樓,,,
580,臺南市新營區民生路172號1樓,,,
581,高雄市小港區小港路150-3號1樓,,,
582,新北市中和區景平路541、543號1樓、543號地下一層,,,
583,新北市淡水區學府路126號地下1層,,,
585,臺北市信義區基隆路2段22號地下1層,,,
586,桃園市中壢區信義里廣州路90號,,,
587,臺中市北屯區水景里軍功路1段183、185號,,,
589,臺南市永康區六合里中華路575號,,,
590,屏東縣新埤鄉新埤村9鄰中正路7、9號,,,
591,桃園市平鎮區義興里環南路237號,,,
592,嘉義市東區荖藤里忠孝北街231、233號,,,
593,屏東縣南州鄉溪南村13鄰人和路1-2、1-3號,,,
594,臺南市東區復興里自由路3段376號,,,
595,新竹市北區新民里西大路594號,,,
596,臺南市麻豆區東角里興中路248之21號,,,
597,嘉義縣水上鄉柳鄉村柳子林109-21號,,,
598,臺中市清水區橋頭里民享路80號,,,
599,臺南市西港區慶安里新興街8之78號,,,
600,高雄市鳳山區南和一路47號,,,
601,臺南市關廟區山西里南雄路2段417、421號,,,
602,臺中市西區民龍里博館二街123、125號,,,
603,臺中市北區金龍里健行路37號,,,
604,高雄市楠梓區藍昌路417號,,,
605,高雄市鳳山區誠德街133號,,,
606,桃園市蘆竹區南竹路2段171、171-1號,,,
607,雲林縣麥寮鄉橋頭村橋頭160號,,,
608,雲林縣東勢鄉東北村內環東路2、6號,,,
609,新竹市東區龍山里龍山西路100號,,,
610,新竹市香山區牛埔里牛埔東路247號1樓,,,
611,臺中市太平區新興里新興路115、117號1樓,,,
612,臺北市士林區承德里後港街30號地下1樓,,,
613,彰化縣田中鎮北路里福安路285號及新福路29巷29號,,,
614,高雄市鳳山區國泰路1段2、6號,,,
615,屏東縣內埔鄉內田村永光路3號,,,
616,臺南市柳營區東昇里中山西路1段165、171號,,,
617,臺南市安南區安富里安富街346號,,,
618,宜蘭縣宜蘭市擺厘里嵐峰路1段52號,,,
619,臺南市永康區西勢里富強路1段108、110號,,,
620,高雄市仁武區八德中路52、56、58、60號,,,
621,新北市三芝區中興街2段71號,,,
622,高雄市小港區山明路112、116、118號,,,
623,臺中市梧棲區大村里文昌路501號,,,
624,新竹縣關西鎮北斗里北平路463、465號,,,
625,臺北市士林區福林里中正路115號,,,
626,新北市中和區南山路146巷1號1樓,,,
627,苗栗縣竹南鎮龍鳳里4鄰龍山路1段260、262號,,,
628,臺東縣臺東市南榮里3鄰更生路1051號,,,
629,高雄市鼓山區龍水里美明路116號1樓及118號1樓,,,
630,臺中市北屯區四民里四平路523、525號,,,
631,雲林縣四湖鄉四湖村關聖路66號,,,
632,彰化縣埔心鄉瓦中村員林大道7段133號,,,
633,新竹縣竹北市鹿場里自強五路60號,,,
634,臺南市中西區西賢里民權路四段350、352號,,,
635,桃園市中壢區芝芭里領航南路1段218號,,,
637,臺南市官田區隆田里中山路1段135號,,,
638,南投縣集集鎮八張里民生路9-21、9-22號,,,
639,南投縣名間鄉中正村彰南路46號,,,
640,高雄市大社區金龍路338、340號,,,
641,桃園市平鎮區金星里上海路250號,,,
642,雲林縣土庫鎮南平里和平街18號、18-1號,,,
643,桃園市楊梅區瑞塘里梅獅路2段25、27號,,,
644,臺中市西屯區西平里福星北路60號,,,
645,南投縣草屯鎮富寮里中正路557-19-5號,,,
646,高雄市楠梓區清豐里土庫三路55、57號,,,
647,新竹縣竹北市泰和里中華路535號,,,
648,臺中市北屯區和平里東山路1段346號,,,
649,高雄市湖內區葉厝里保生路169號,,,
650,苗栗縣後龍鎮北龍里中華路55-6、55-7號,,,
651,高雄市岡山區前?里公園西路3段83號,,,
652,臺中市豐原區北湳里大順街121、123號,,,
653,桃園市八德區大勇里東勇北路566、568號,,,
654,桃園市龍潭區富林里中正路三林段298號,,,
655,彰化縣鹿港鎮頂厝里長安路200、202號,,,
656,彰化縣員林市三和里浮圳路2段135號,,,
657,高雄市鼓山區龍子里明誠三路463號,,,
658,桃園市中壢區仁美里普忠路1168號,,,
659,桃園市觀音區大同里中山路2段891、893號,,,
660,新北市林口區湖南里文化三路2段175、177號,,,
661,新北市新莊區營盤里中正路510號1樓,,,
662,桃園市桃園區寶慶里中埔二街158、160號,,,
663,高雄市三民區鼎中里鼎力路15、17、19、21號,,,
665,新北市淡水區竿蓁里淡金路8-1號1樓,,,
666,臺南市新化區協興里忠孝路198-7及202號,,,
667,南投縣竹山鎮延祥里集山路3段227、229號,,,
668,臺南市東區關聖里裕忠路107號,,,
669,桃園市大園區田心里華興路22、26、28、30、32、36號,,,
670,臺北市大安區群賢里和平東路二段311巷29號,,,
671,宜蘭縣頭城鎮武營里青雲路3段298號,,,
672,新北市林口區南勢里忠孝路32、36號,,,
673,新北市汐止區自強里莊敬街130號,,,
674,臺北市信義區黎順里嘉興街245號、247號1樓及245號地下1層,,,
675,臺南市北區三德里忠義路3段85、87號,,,
676,臺北市內湖區東湖里東湖路135號1、2樓,,,
677,高雄市前鎮區草衙里和誠街107、117號,,,
678,臺北市文山區景仁里羅斯福路6段142巷11號、11之1號及11之2號,,,
679,新竹縣湖口鄉愛勢村和愛路32號,,,
680,新竹縣竹北市鹿場里自強南路193、197號,,,
681,臺南市北區勝安里開元路153號,,,
682,雲林縣麥寮鄉麥豐村6鄰中山路119-2號,,,
683,雲林縣虎尾鎮東仁里28鄰光復路180號,,,
684,臺中市豐原區社皮里大豐路5段486號,,,
685,臺南市新市區新和里復興路213、215號,,,
686,臺中市梧棲區南簡里中華路二段610號,,,
687,雲林縣臺西鄉臺西村6鄰文化路230號,,,
688,桃園市桃園區春日里大業路2段51、53號,,,
690,桃園市龜山區大華里文化三路316號,,,
691,臺北市士林區東山里德行東路331巷35號1樓,,,
692,基隆市中正區正濱里中正路611號1樓、2樓及底層,,,
693,新北市中和區景福里捷運路29、31、33、35號,,,
694,宜蘭縣蘇澳鎮蘇西里中山路1段157、159號,,,
695,新竹縣竹北市文化里縣政二路189號,,,
696,臺北市北投區建民里文林北路116號、94巷5弄1號1樓,,,
697,新竹縣新豐鄉重興村振興街7號,,,
698,新北市三峽區大埔里中正路2段109號、111號,,,
699,新北市板橋區華中里僑中一街82號之1,,,
700,桃園市桃園區同德里中正路1047號,,,
701,臺北市中山區朱園里建國北路1段48號,,,
702,臺南市永康區西灣里永華路176號,,,
703,新北市汐止區保安里大同路三段190號,,,
704,桃園市桃園區東門里東國街38號1樓之1,,,
705,臺中市南區工學里工學六街130、132、136號,,,
706,嘉義縣朴子市大葛里嘉朴路西段9號,,,
707,臺北市南港區新富里研究院路1段99號地下1樓之29至34、36、至43、45至76、84至96,,,
708,嘉義縣太保市中興路1段609號,,,
709,新北市新店區北宜路2段82-7、82-28號1樓,,,
710,臺中市大雅區民生路4段72、72-1號,,,
711,桃園市楊梅區新農街17號1樓,,,
712,新竹市東區南大路421號1樓,,,
713,新北市新莊區建國一路51、53號1樓,,,
714,新北市三重區力行路1段54號,,,
715,高雄市左營區榮佑路25號1樓、榮總路183巷36號1樓,,,
719,臺南市東區崇德路154號、156號1樓,,,
720,高雄市鼓山區明倫路466號,,,
721,臺北市大安區樂業街87號1樓,,,
722,臺北市士林區忠誠路1段177、179號1樓,,,
723,桃園市龜山區萬壽路2段923、925號1樓及中和南路40、42號1樓,,,
724,桃園市桃園區永安路355、357、357-1號,,,
725,嘉義市東區軍輝路266號,,,
726,屏東縣潮州鎮朝昇東路93號,,,
727,基隆市仁愛區精一路15號1樓,,,
728,花蓮縣花蓮市林森路69、71號,,,
729,雲林縣斗南鎮長安路1段177、179號1樓,,,
730,臺中市西區民權路217巷1、3號1樓,,,
731,臺南市鹽水區後厝70號,,,
732,嘉義市西區大統路171號,,,
733,金門縣金寧鄉下埔下56-1號1樓,,,
735,新北市三峽區學成路97、99號,,,
736,臺北市中山區林森北路561號1樓,,,
737,臺中市西區美村路1段298、300、302號1樓,,,
738,臺北市北投區中和街49號1樓,,,
739,高雄市小港區店北路159號1樓,,,
740,臺北市萬華區萬大路406號1樓及地下,,,
741,臺中市南區台中路520、522號,,,
742,高雄市仁武區中華路190號1樓,,,
744,臺南市六甲區中山路93號、台南市信義街318巷7號,,,
745,新北市三重區龍門路6-1號1樓,,,
746,宜蘭縣羅東鎮純精路2段230號1樓,,,
747,臺北市文山區興隆路1段53號地下1樓,,,
748,新北市板橋區文聖街73號1樓,,,
749,臺中市龍井區中央路3段46號,,,
750,新北市新莊區化成路71號1樓,,,
752,臺北市內湖區大湖山莊街148號1樓及地下1層,,,
753,新北市三峽區中華路95號1樓,,,
754,高雄市苓雅區建國一路107號,,,
755,雲林縣虎尾鎮林森路2段434號,,,
756,新北市蘆洲區永樂街38巷57弄2號地下1層,,,
757,臺北市大安區金山南路2段12號地下1樓,,,
758,高雄市美濃區泰安路172號,,,
759,新北市永和區福和路67號、77巷1、3號1樓,,,
760,嘉義縣朴子市文化里文化北路18號,,,
761,嘉義市東區民國路30號,,,
762,新北市新店區北新路1段181、183號1樓,,,
763,高雄市鳳山區青年路2段261、263號,,,
764,臺中市大甲區光明路12號1樓,,,
765,臺北市北投區懷德街3-10號,,,
766,新北市板橋區中正路330-1號1樓,,,
767,臺南市東區長榮路2段180號1樓,,,
768,臺中市北區學士路261號1樓,,,
769,臺中市太平區中山路1段336號1樓,,,
770,新竹市東區南大里食品路305-1號,,,
772,臺南市東區仁和路77-38號,,,
773,新北市汐止區中興路168號地下1樓,,,
774,桃園市蘆竹區吉林路13號1樓,,,
775,屏東縣鹽埔鄉新二村維新路42-5號1樓,,,
776,新北市蘆洲區中山一路226、228、230號1樓,,,
777,臺中市南屯區大進街490號1樓,,,
778,彰化縣彰化市彰鹿路90號,,,
779,臺北市文山區景興路191號地下1樓,,,
780,基隆市中正區信四路11號1樓及底層,,,
781,臺南市安平區華平路619號及怡平路410巷116號,,,
782,新北市中和區大勇街78號1樓,,,
783,新北市永和區竹林路73號1樓之1及地下室,,,
785,南投縣埔里鎮信義路217號,,,
786,新竹市東區金山七街20號1樓,,,
787,新竹縣湖口鄉中正路1段192號,,,
788,新北市三重區中正北路70號1樓,,,
789,新北市三峽區和平街65號地下1層之1、之2,,,
790,臺中市豐原區北陽里豐東路173號,,,
791,高雄市鳳山區信義街73號,,,
792,彰化縣和美鎮糖友里糖友一街46號,,,
793,新竹市東區光復里忠孝路74號1樓,,,
794,苗栗縣竹南鎮中正路96-1號,,,
795,臺南市東區崇道路24號,,,
796,苗栗縣苑裡鎮中山路320號,,,
797,高雄市林園區鳳林路2段37、39號,,,
798,臺中市北區淡溝里民權路466號,,,
799,臺中市南屯區文山里嶺東路690、700號,,,
800,屏東縣屏東市永大路71號,,,
801,新竹縣新埔鎮中正路137、139號,,,
802,桃園市桃園區三民路3段518號1樓,,,
803,臺北市信義區和平東路3段391巷16號1樓及地下室,,,
804,基隆市暖暖區暖暖街246巷166號1樓及地下1樓,,,
806,屏東縣萬丹鄉大順路56號,,,
807,臺南市北區海安路3段747號及文成路569號,,,
808,苗栗縣三義鄉廣盛村廣盛39-1、39-2號,,,
810,屏東縣屏東市中正路590號,,,
812,高雄市岡山區壽華路131、133號,,,
813,高雄市鳳山區青年路2段421號,,,
814,高雄市鳳山區五福二路32號,,,
815,臺中市大里區仁化路500號,,,
816,新北市新莊區中正路893巷2-1號,,,
817,臺中市北屯區北屯路417、417-1號,,,
818,桃園市大溪區介壽路108號,,,
819,臺中市霧峰區中正路1119號,,,
820,嘉義縣大林鎮西林里2鄰忠孝路596號及祥和路268號,,,
821,桃園市龜山區復興二路3號,,,
822,雲林縣大埤鄉中正路27號,,,
823,高雄市三民區鼎力路243號,,,
824,臺中市新社區中正里中和街5段13號,,,
825,桃園市觀音區大觀路2段151號,,,
826,臺南市佳里區中山路452號,,,
827,高雄市苓雅區四維二路100之4號及100之5號,,,
828,屏東縣屏東市復興南路1段187號,,,
829,高雄市鼓山區華夏路176號,,,
830,高雄市岡山區大仁北路3號1樓,,,
831,臺北市北投區致遠二路113巷13、15、15-1號,,,
833,基隆市安樂區武隆街65號1樓,,,
834,屏東縣新園鄉仙吉路32號,,,
835,桃園市蘆竹區大竹路367、369號1樓,,,
836,臺南市下營區新興里中山路1段250號,,,
837,臺中市清水區鰲新路5號,,,
838,嘉義市西區南京路416號,,,
839,南投縣埔里鎮中正路593、597號,,,
840,桃園市中壢區中北路2段55號,,,
841,臺中市大里區立中街27號及立中五街8號,,,
842,桃園市中壢區福州一街126、128號,,,
843,新北市土城區明德路2段58-2號,,,
844,彰化縣北斗鎮中華路359號及斗苑路1段366號,,,
845,宜蘭縣宜蘭市負郭里三清路96號,,,
846,桃園市龜山區新樂街36號,,,
847,臺南市南區健康路1段435號1樓,,,
848,臺中市潭子區豐興路1段547、549、551、553、555號,,,
849,臺北市文山區保儀路12號1樓、12號地下1樓、26巷1-1號、26巷1號地下1樓及14號1樓,,,
850,臺北市北投區中央北路4段532號地下1層,,,
852,新北市八里區中山路1段109號1樓、2樓及地下1樓,,,
853,臺南市東區崇善路666號,,,
854,臺南市佳里區建南街112號,,,
855,南投縣竹山鎮竹山路136號1樓,,,
857,高雄市旗山區延平一路453號,,,
858,高雄市鳳山區錦田路189、191號,,,
861,臺中市太平區光興路746、748號,,,
862,新北市淡水區民族路31號地下1樓,,,
863,臺中市西區精誠二十三街30號1、2樓,,,
864,彰化縣二林鎮南光里建國路155號,,,
865,嘉義縣布袋鎮龍江里太平東路457號,,,
866,臺中市西屯區中工二路2號,,,
867,臺中市北屯區旅順路2段78號1、2樓,,,
868,臺中市太平區太平路321號,,,
869,宜蘭縣宜蘭市健康路2段70號、72號、76號及78號,,,
870,嘉義市東區大雅路2段555、563號,,,
871,新竹縣竹東鎮北興路1段493號1樓、495號1-2樓,,,
872,彰化縣和美鎮德美路551號,,,
873,臺南市南區中華西路1段306號,,,
875,臺中市豐原區忠孝街27號,,,
876,臺北市內湖區康樂街116號地下1樓,,,
877,臺中市梧棲區文化路2段85號1樓及地下1樓,,,
878,臺北市中山區敬業四路33號地下1樓,,,
879,臺中市西區林森路89號,,,
880,高雄市前鎮區管仲路20號1樓,,,
881,屏東縣屏東市瑞民路6號,,,
882,新北市五股區成泰路3段379、381、383、385號1樓,,,
883,臺中市大肚區榮華街7、9號,,,
884,南投縣草屯鎮和興街55號,,,
885,新北市淡水區中山北路2段102號,,,
886,桃園市大溪區員林路1段5號,,,
887,南投縣南投市學藝路27號、學藝一路27號,,,
888,臺南市安平區國平路210、212、216、218號,,,
889,臺北市中山區北安路655號地下1樓,,,
890,屏東縣林邊鄉中林路282-16號,,,
891,臺南市安南區安中路6段702號,,,
892,臺中市南屯區向上路3段46號、46-1號,,,
893,臺北市松山區光復北路11巷99號地下,,,
894,高雄市大寮區鳳林三路449、451號,,,
895,基隆市暖暖區源遠路341-1號底層,,,
896,臺北市南港區研究院路2段61巷15號及地下1層,,,
897,新北市林口區民有街148號,,,
898,彰化縣花壇鄉白沙村彰員路3段105、109號,,,
899,新竹市林森路231號1樓,,,
900,臺北市中正區延平南路189號1樓,,,
901,臺中市龍井區沙田路5段382、386號1樓,,,
902,宜蘭縣宜蘭市泰山路332號,,,
903,臺北市內湖區民權東路6段296巷113、115號地下樓,,,
904,臺南市佳里區安西路203、205號,,,
905,臺南市白河區國泰路127號,,,
906,基隆市中正區新豐街262號、264號、266號、262號底1層、264號底1層、266號底1層,,,
908,嘉義市民權路177號及民國路247號,,,
909,臺北市中山區中山北路2段59巷45號地下一層,,,
911,雲林縣斗六市鎮南路246、248、250號,,,
912,嘉義市東區興業東路40號,,,
913,桃園市大園區?林路69號,,,
914,新北市淡水區新春街140號及138號地下1樓,,,
915,嘉義縣朴子市大同路291號,,,
916,臺南市新營區隋唐街197號,,,
917,臺南市麻豆區中正路348、348之1號,,,
918,臺中市太平區樹孝路439號,,,
919,彰化縣大村鄉中正西路98、100號,,,
920,屏東縣里港鄉春林村鐵店路21-30及21-31號,,,
921,高雄市橋頭區隆豐路137號,,,
922,屏東縣屏東市廣東路1108-10號,,,
923,高雄市鹽埕區七賢三路243號地下1樓、1樓及247號2樓,,,
924,彰化縣福興鄉員鹿路2段88號,,,
925,臺北市大安區延吉街161號地下1樓,,,
926,新北市土城區學府路1段19-1號、21號,,,
927,臺中市東區樂業路327號,,,
928,宜蘭縣宜蘭市中山路5段129號,,,
929,新北市板橋區文化路1段101巷13號地下1層及13號之1地下1層,,,
930,臺南市佳里區仁愛路388號,,,
931,臺北市南港區經貿二路188號3樓,,,
932,彰化縣田中鎮中正路305號,,,
933,新北市中和區福祥路72號1樓,,,
934,彰化縣鹿港鎮鹿草路1段487巷11號,,,
935,臺南市玉井區中華路283號,,,
936,苗栗縣頭份市中央路706號,,,
937,臺南市安南區北安路3段92、96號,,,
938,高雄市鳳山區博愛路361號,,,
939,雲林縣褒忠鄉中正路51號,,,
940,宜蘭縣羅東鎮光榮路200號,,,
941,臺南市永康區大橋二街218號、大橋一街247巷69號,,,
942,臺北市大安區和平東路3段1巷51號,,,
943,新北市永和區成功路2段28號地下1層之22-37、39、41、43、45、47,,,
944,澎湖縣湖西鄉湖西村77-18號,,,
945,高雄市鳳山區建國路2段90號、鳳松路77巷7號,,,
946,臺中市大里區益民路1段175號、177號,,,
947,屏東縣恆春鎮恆南路30、32號,,,
948,臺南市東區小東路246號1、2樓,,,
949,高雄市新興區林森一路230號,,,
950,臺中市西屯區惠來里文心路二段501號,,,
951,雲林縣元長鄉長南村8鄰元南路57號、57-1號,,,
952,高雄市苓雅區英明里二聖一路58號,,,
953,臺中市南區崇倫里建國南路1段255號,,,
954,新北市中和區正南里華新街26-1號1樓及26-2號地下層,,,
955,高雄市仁武區大灣里八德南路475、479號,,,
956,臺南市麻豆區新興里中山路82號,,,
957,高雄市大寮區大寮里大寮路667、669號,,,
958,高雄市三民區寶國里褒揚街285號,,,
959,臺中市南屯區大同里大墩五街98號,,,
960,臺南市中西區西和里西和路106號,,,
961,嘉義市西區湖內里健康十三路169、171號,,,
962,苗栗縣卓蘭鎮新厝里15鄰經國路128號,,,
963,高雄市小港區順苓里康莊路80號,,,
964,臺南市永康區?興里中正北路125號,,,
965,高雄市楠梓區享平里興楠路260號,,,
966,新北市板橋區中山里合宜路69號,,,
967,雲林縣古坑鄉朝陽村文淵路160、162號,,,
968,新北市板橋區深丘里區運路22號地下1層、32號地下1層,,,
969,高雄市鹽埕區新豐里七賢三路6號,,,
970,新竹縣竹北市十興里光明六路東一段223、225號,,,
971,新竹縣竹北市北興里36鄰莊敬七街118號,,,
972,桃園市平鎮區新安里龍南路552巷1號、552巷3弄1號、556號、558號,,,
973,屏東縣九如鄉九清村九里路59-5、59-6、59-7號,,,
974,臺北市內湖區五分里東湖路118號地下1層、地下1層之1至40、安康路480號地下1層、地下1層之1至4,,,
975,臺中市北區明新里中清路1段425號,,,
976,彰化縣北斗鎮東光里斗中路739號,,,
977,新北市萬里區龜吼里1鄰美崙12號,,,
978,桃園市蘆竹區上興里1鄰上興路182號,,,
979,屏東縣佳冬鄉石光村玉光街107號、109號、111號,,,
980,桃園市龜山區大同里大同路222號,,,
981,高雄市岡山區碧紅里大仁北路363號,,,
982,桃園市蘆竹區山腳里7鄰南山路3段427號,,,
983,臺中市太平區新高里樹德路１１７號１樓,,,
984,臺東縣臺東市平等街11號,,,
987,新北市新莊區中和街188號地下1樓,,,
988,南投縣埔里鎮中山路3段376號1樓,,,
989,屏東縣屏東市民族路202號1樓,,,
990,屏東縣恆春鎮山腳里環城南路40、42號,,,
992,臺北市文山區恆光街37、39、41、43號1樓,,,
994,高雄市岡山區仁壽路22號1樓,,,
997,彰化縣員林市三民東街３５９號１樓,,,
999,屏東縣潮州鎮三共里延平路156號1樓,,,
1001,臺中市大里區東榮路8號1樓,,,
1002,南投縣草屯鎮信義街368號1樓,,,
1004,雲林縣西螺鎮光復西路１１７號,,,
1005,高雄市前鎮區崗山西街206號1樓、2樓,,,
1007,苗栗縣竹南鎮大營路175之1號1樓,,,
1010,宜蘭縣礁溪鄉６結村育才路1號1樓,,,
1012,臺中市東勢區東蘭路54-2號,,,
1014,雲林縣北港鎮華勝路171號,,,
1016,屏東縣屏東市勝利東路41號1樓,,,
1017,臺中市北屯區后庄路35巷1號1樓,,,
1018,臺中市清水區中興街５７號１樓,,,
1019,嘉義縣民雄鄉西安村復興路226號1樓,,,
1020,臺中市西屯區黎明路３段２４６號１樓,,,
1021,彰化縣彰化市中正路2段828號1樓,,,
1022,彰化縣溪湖鎮大發路56號1樓,,,
1023,臺中市大里區國光路2段70號1樓,,,
1024,臺南市東區東明里東安路20號1樓,,,
1026,臺南市新營區民治路5-1號1樓,,,
1027,雲林縣斗六市西平路248號,,,
1028,高雄市小港區宏平路152號1樓,,,
1029,臺中市后里區甲后路587號1樓,,,
1031,澎湖縣馬公市中華路61-4號,,,
1032,南投縣南投市南陽路452號1樓,,,
1033,屏東縣內埔鄉內田村廣濟路207號,,,
1036,臺北市萬華區中華路2段666-12號地下1樓,,,
1037,彰化縣彰化市陽明里三民路４３０號１樓,,,
1038,臺北市中山區北安路588巷8、10號1樓,,,
1042,嘉義縣朴子市大同路60號1樓,,,
1044,新竹縣竹北市竹仁里民權街40巷2號1樓,,,
1045,臺東縣臺東市自強里新生路429號1樓,,,
1046,南投縣草屯鎮中山街57號1樓,,,
1052,花蓮縣花蓮市主學里中正路２３０號１樓,,,
1055,臺中市南區美村南路72號1樓,,,
1056,臺中市北屯區軍功里軍功路2段39號1樓,,,
1058,彰化縣員林市南平里南平一街66號1樓,,,
1059,臺中市豐原區田心路2段182號1樓,,,
1060,臺北市大同區朝陽里南京西路165號1樓,,,
1061,新北市板橋區忠翠里雙十路2段209號地下1樓,,,
1062,彰化縣竹塘鄉竹塘村中興街57巷22號1樓,,,
1063,臺中市東勢區豐勢路115-3號,,,
1064,彰化縣芬園鄉社口村芬草路２段２５２號１樓,,,
1065,高雄市苓雅區林南里光華一路１４８-３１號１樓,,,
1066,臺東縣臺東市新生里開封街３７２號１樓,,,
1067,高雄市大寮區中興村鳳林四路254號1樓,,,
1068,臺中市西屯區何德里重慶路136號1樓,,,
1069,屏東縣枋寮鄉中興路22-15、22-17號,,,
1071,臺中市北區天津路２段１７１號１樓,,,
1072,彰化縣員林市育英路600號,,,
1073,彰化縣彰化市光復路３５號１樓,,,
1074,臺中市西區精誠路２９４號１樓,,,
1075,彰化縣社頭鄉民生路702號,,,
1076,宜蘭縣羅東鎮成功里純精路1段6、8、10、12號1樓,,,
1077,臺南市北區延平里公園路798號1樓,,,
1079,新北市新莊區中平路８２巷２７號,,,
1081,彰化縣和美鎮平安路115號,,,
1082,臺北市中山區龍江路15號1、2樓,,,
1083,高雄市左營區重愛路１１２號,,,
1084,嘉義市東區和平路134-16號1樓,,,
1085,臺中市烏日區中山路２段１０８號１樓,,,
1086,彰化縣員林市惠來里南昌路75號1樓,,,
1087,高雄市鼓山區銘傳路61號1樓,,,
1088,臺中市北區中清路一段27號1樓,,,
1090,臺南市安南區安和路五段308、310、312、316、318、320號,,,
1091,臺北市北投區東華街２段１８０號地下１樓,,,
1092,新北市新莊區民安西路307、309號1樓,,,
1093,新北市中和區宜安路118巷42號地下1層,,,
1094,高雄市三民區鼎泰街232號1樓,,,
1095,臺中市北屯區平陽里大連路2段12號1樓,,,
1096,屏東縣屏東市自由路163、165號,,,
1097,臺北市萬華區長沙街2段110、112號1樓,,,
1098,臺中市大肚區大肚村7鄰沙田路二段592號1樓,,,
1099,臺北市大安區復興南路2段237號地下1樓,,,
1100,新北市新店區民族路190號地下1樓,,,
1102,花蓮縣吉安鄉宜昌村中華路2段232號1樓,,,
1103,臺中市神岡區中山路832號1樓,,,
1104,雲林縣斗南鎮東仁里12鄰中山路32巷6號1樓,,,
1105,新竹縣竹北市新國村中正西路５３號１樓,,,
1106,臺中市潭子區甘蔗村7鄰勝利路348號1樓,,,
1107,臺中市北屯區三光里北屯路289-10號1樓,,,
1108,桃園市中壢區新興里20鄰環中東路2段746、750、750-1、750-2號1樓,,,
1109,新北市新莊區中華里8鄰中華路2段1號地下1層,,,
1110,臺北市松山區民生東路4段133號1樓,,,
1111,臺中市西區土庫里忠明南路445號1樓,,,
1112,臺中市大雅區四德村３鄰學府路１０９之１１號１樓,,,
1113,彰化縣溪湖鎮大竹里平和街184號1樓,,,
1114,南投縣竹山鎮竹圍里大禮路１２９號１樓,,,
1115,彰化縣埔心鄉員鹿路2段600號,,,
1117,新竹縣新豐鄉學府街１３１號１樓,,,
1118,臺中市大里區瑞城里28鄰成功路536號1樓,,,
1119,嘉義縣竹崎鄉中華路１０６號１樓,,,
1120,臺中市南屯區豐樂里永春東路1043號1樓,,,
1121,臺南市東區富強里裕農路400號1樓,,,
1122,新北市淡水區中正東路35巷22號1樓、地下一層,,,
1123,臺中市大肚區遊園路2段216號1樓,,,
1124,南投縣埔里鎮南興街249號1樓,,,
1125,屏東縣萬丹鄉大憲街210號1樓,,,
1126,嘉義縣新港鄉宮前村中山路７２巷２－１號１樓,,,
1127,臺中市大甲區復興路59號1樓,,,
1128,嘉義縣水上鄉吳竹街１３５號１樓,,,
1130,雲林縣斗六市公正街11-1、13、15、17號,,,
1131,高雄市三民區博愛一路229號1樓,,,
1134,新北市板橋區雨農路27巷2號1樓及地下1樓,,,
1135,花蓮縣鳳林鎮中正路2段212號1樓,,,
1136,彰化縣伸港鄉新港村新港路311號1樓,,,
1137,彰化縣花壇鄉花壇街320號,,,
1138,彰化縣二林鎮仁愛路470號1樓,,,
1140,嘉義市西區仁愛路335號1樓,,,
1141,臺南市安南區州南里安和路四段259、261號,,,
1142,嘉義市西區自強里興業西路243、245號,,,
1143,臺北市文山區樟文里木新路3段278巷9號地下、11號,,,
1144,臺北市大同區斯文里大龍街91巷7號地下,,,
1145,新北市三重區五常里仁義街95號1樓,,,
1146,彰化縣彰化市光南里中興路187號之１,,,
1147,臺南市北區成德里西門路四段111號,,,
1148,雲林縣二崙鄉崙西村中正路64巷9、11號,,,
1149,新竹縣竹北市中興里文興路一段257、259號、257號2樓,,,
1150,新竹市東區振興里振興路116、118號,,,
1151,南投縣鹿谷鄉鹿谷村鹿彰路166、168號,,,
1152,新竹縣新豐鄉山崎村文昌街62號,,,
1153,臺中市南屯區田心里惠文路338、338-1、338-2號、338號2樓,,,
1154,臺南市安南區佃東里公學路四段29、31號,,,
1155,桃園市桃園區東門里東國街38號1樓之1,,,
1156,新北市蘆洲區忠義里長安街96號1樓,,,
1157,臺中市潭子區福仁里中山路二段107、109號,,,
1158,臺北市中山區北安路409號1樓,,,
1159,桃園市中壢區龍東路2之50號3樓,,,
1160,臺南市北區成功路22巷3號2樓,,,
1161,臺中市豐原區三豐路一段382號1樓,,,
1162,花蓮縣花蓮市公正街14號1、2樓,,,
1163,新竹縣湖口鄉勝利路二段350號2樓,,,
1164,宜蘭縣宜蘭市小東里聖後街68及68-1號,,,
1165,臺中市豐原區北陽里北陽路256、258號,,,
1166,新竹縣竹北市中興里嘉豐十一路一段20號,,,
1167,高雄市新興區中東里復興一路８０號,,,
1168,臺中市北屯區松強里松竹路二段178巷51、59號,,,
1169,新北市新店區公崙里安康路二段120號1樓,,,
1170,高雄市梓官區信蚵里中正路75號,,,
1171,南投縣南投市嘉和里彰南路一段560、562、566、568號、560號2樓,,,
1172,高雄市鳳山區生明里國泰路一段6號,,,
1173,臺北市中山區金泰里敬業四路33號9樓,,,
1174,臺北市大安區光信里仁愛路四段418號地下,,,
1175,新北市新店區張南里北宜路一段16號地下1樓,,,
1176,新北市貢寮區真理里延平街86號,,,
1177,臺中市西屯區西墩里福科路26號,,,
1178,臺北市南港區鴻福里玉成街189號、181巷2-2號1樓、181巷2-1號地下,,,
1179,新北市新莊區光正里民安西路135、137號,,,
1180,彰化縣二水鄉二水村民生路396、398號,,,
1181,臺中市南屯區中和里黎明路一段101號之1至之3、之5至之22、之24至之26、之28至之43、之45至之61、103號、105號、107號、109號,,,
1182,桃園市平鎮區廣仁里延平路3段29號,,,
1183,高雄市三民區本揚里陽明路300號,,,
1184,臺中市西屯區福林里福科路562、570號,,,
1185,新北市三重區光正里中正南路248、248之2號地下1層,,,
1186,臺北市萬華區頂碩里莒光路117號地下1層之1至之15,,,
1187,高雄市苓雅區意誠里三多四路123、123之1號,,,
1188,苗栗縣通霄鎮通東里自強路3、5號,,,
1189,桃園市楊梅區雙榮里民族路5段219號,,,
1190,新北市中和區平河里新生街255號1、2樓及257號,,,
1191,桃園市大園區橫峰里領航北路3段199號,,,
1192,臺南市東山區東中里中興南路46、48號,,,
1193,高雄市鳥松區大華里本?路207、209號,,,
1194,高雄市路竹區竹南里國昌路26、28號,,,
1195,彰化縣社頭鄉廣興村中山路一段521號1、2樓,,,
1196,桃園市中壢區龍安里龍東路360、364號,,,
1197,新竹市北區北門里中正路245號1樓,,,
1198,彰化縣線西鄉寓埔村中正路63號、沿海路一段638號,,,
1199,彰化縣花壇鄉長沙村學前路115、117號,,,
1200,桃園市桃園區新埔里天祥五街16號,,,
1201,花蓮縣吉安鄉勝安村自強路281號,,,
1202,新北市土城區清水里明德路一段174號、176號地下一樓,,,
1203,彰化縣彰化市新興里金馬路二段553號,,,
1204,苗栗縣頭份市東庄里中興路5、7號,,,
1205,雲林縣林內鄉林中村中正路400、402號1、2樓,,,
1206,臺南市中西區淺草里康樂街233、237、241號1、2樓及民生路二段173巷5號1、2樓,,,
1207,臺東縣成功鎮三民里大同路29號,,,
1208,花蓮縣瑞穗鄉瑞美村國光南路91、93號,,,
1209,彰化縣秀水鄉福安村彰水路二段751、753號,,,
1210,高雄市楠梓區中和里德中路326號,,,
1211,臺中市北區錦洲里進化路426號,,,
1212,臺北市南港區東明里南港路二段20巷5號地下,,,
1213,桃園市蘆竹區營盤里六福路357、359號,,,
1214,新北市淡水區福德里自強路106號1、2樓,,,
1215,雲林縣莿桐鄉埔子村和平路36之3、36之5、36之6號,,,
1216,臺南市安平區文平里永華路2段373號,,,
1217,宜蘭縣羅東鎮賢文里培英路2號,,,
1218,新竹市香山區內湖里中華路六段227號,,,
1219,桃園市楊梅區中山里中山北路一段74巷2弄1號,,,
1220,新北市新店區中正路700巷1號地下1樓,,,
16907,新北市中和區水源路七十三號１樓,,,
16909,新北市板橋區重慶路二四五巷六一號一樓,,,
16911,新北市三重區三和路三段一三七號一樓,,,
16912,桃園市中壢區中正路四八三號一樓,,,
16913,臺北市文山區木柵路一段８號１樓,,,
16914,新北市三重區三和路四段２３３號１樓,,,
16916,臺北市南港區昆陽街９９號１樓,,,
16919,桃園市大園區中華路１３１號１樓,,,
16939,新竹市民族路７４號１樓,,,
16943,臺中市西屯區中工二路２１２號１樓,,,
16952,高雄市鳳山區自強一路１７７號１樓,,,
16953,高雄市鳳山區高鳳一路１號１樓,,,
16955,臺北市南港區玉成街２７號一樓,,,
16957,嘉義市民安里仁愛路５８４號一樓,,,
16961,新北市蘆洲區長安街６６號一樓,,,
16967,雲林縣斗六市文化路２０３號１樓,,,
16982,苗栗縣銅鑼鄉中正路九六號一樓,,,
16987,臺北市內湖區成功路二段３１８之１號１樓,,,
16990,高雄市楠梓區高楠公路１７５７號１樓,,,
16992,臺中市東區十甲路４４２號１樓、十甲東路６６５號,,,
16993,新竹市民生路１１３號１樓,,,
17003,臺中市梧棲區大智路二段２５３號１樓,,,
17008,雲林縣斗六市中正路２１２號１樓,,,
17011,臺中市北屯區東山路一段１４６、１４６之１號１樓,,,
17028,彰化縣溪州鄉中山路三段３７１號１樓,,,
17032,新北市中和區景安路１５２號１樓,,,
17037,雲林縣斗六市鎮北路六十四號１樓,,,
17039,桃園市觀音區成功路二段７３９號１樓,,,
17044,臺北市士林區社子街一四四號一樓,,,
17050,桃園市桃園區自強路七十二號一樓,,,
17058,新北市板橋區文化路二段四三九之一號一樓,,,
17059,新北市新店區安和路三段六十之一號一樓,,,
17060,彰化縣彰化市金馬路三段四九七號一樓,,,
17063,桃園市龍潭區中興路三三五號一樓,,,
17066,新竹市金華里光華二街七十二巷二號一樓,,,
17074,桃園市蘆竹區南華一街一號一樓,,,
17076,臺中市西屯區大墩十八街一一二號一樓,,,
17083,桃園市桃園區文中路三三三、三三五號一樓,,,
17088,新北市三重區中興北街153號1樓,,,
17106,臺北市中山區民生西路三巷二號一樓,,,
17110,新竹市北大路二八四號一樓,,,
17113,桃園市楊梅區大成路二一五號一樓,,,
17114,高雄市大寮區成功路二十之十五號一樓,,,
17115,桃園市龜山區新興街二五五、二五七號一樓,,,
17122,新竹市北區新竹市育英里四維路九十一號一樓,,,
17130,新北市中和區建八路一一六號一樓,,,
17131,臺北市內湖區行善路三十三號一樓,,,
17134,桃園市桃園區民生路一二九號一樓,,,
17135,臺中市太平區中山路四段一三五、一三七號一樓,,,
17138,桃園市大園區國際路一段二一八號一樓,,,
17143,桃園市大園區中山南路六號一樓,,,
17150,臺北市萬華區西寧南路三十六號之七十一、七十二、七十三、七十四,,,
17155,桃園市桃園區大業路一段三九七號一樓,,,
17172,新北市板橋區中山路二段２３２號１樓,,,
17174,臺北市延平區延平北路二段２５５之１號１樓,,,
17176,臺北市南港區忠孝東路七段６３９號１樓,,,
17178,臺北市大同區重慶北路三段２４號１樓,,,
17179,新北市中和區興南路一段９１號１樓,,,
17187,新北市永和區中正路４６７號１樓、２樓,,,
17188,新北市三重區三民路１００號１樓及１０２號１樓,,,
17189,新北市三重區溪尾街１９２號１樓,,,
17190,臺北縣樹林鎮鎮前路６２號１樓,,,
17191,新北市中和區民享街３８號１樓及３８之１號１樓,,,
17193,新北市三重區正義北路２８０號１樓,,,
17199,新北市三重區清和里中央南路74號1樓,,,
17200,臺北市南港區三重里經貿二路235巷36號1樓,,,
17201,新北市三重區光明里集美街211號、213號1樓,,,
17202,桃園市蘆竹區南興里南福街162號、164號1樓,,,
17203,新竹縣湖口鄉和興村德興路297號1樓,,,
17204,新北市土城區日新里中央路1段263號1樓,,,
17205,桃園市八德區大湳里和平路985號1樓,,,
17206,高雄市鳳山區中正里工協街26號、28號1樓,,,
17207,高雄市大寮區新厝里新厝路1號1樓,,,
17208,基隆市七堵區堵北里實踐路182號1樓,,,
17209,臺南市北門區永隆里北門1號1樓,,,
17210,桃園市中壢區振興里龍岡路2段326號1樓,,,
17211,新北市新莊區頭前里頭前路125號、127號1樓,,,
17212,高雄市大寮區會結里會結路37-3號1樓,,,
17213,桃園市蘆竹區上興里中興路118號1樓,,,
17214,新北市三重區重陽里大仁街52號1樓,,,
17215,新竹縣寶山鄉大崎村園區二路378號1樓,,,
17217,新竹市曲溪里崧嶺路14號、16號、18號1樓,,,
17218,新北市淡水區崁頂里後洲路1段50號、50之1號1樓,,,
17219,新北市林口區南勢里文化北路1段258號1樓,,,
17220,嘉義縣民雄鄉北斗村北勢子1-101號1樓,,,
17224,新竹縣湖口鄉中正村中山路1段506號1樓,,,
17225,臺南市安平區國平里健康三街188之1號1樓,,,
17226,桃園市楊梅區上田里和平路1號、3號1樓,,,
17227,臺南市仁德區仁行里二仁路1段99號1樓,,,
17228,新北市三重區中央里文化北路116號1樓,,,
17229,新北市石碇區豐田里華梵路1號1樓,,,
17230,新北市五股區五股里成泰路2段91巷9號1樓,,,
17231,高雄市三民區正興里建元路62號1樓,,,
17232,臺北市北投區林泉里中山路28-5號及28之6號地下2層,,,
17233,桃園市中壢區忠孝里忠孝路320號、332號1樓及成章2街476號1樓,,,
17235,屏東縣屏東市崇蘭里崇朝一路160號1樓,,,
17236,新北市林口區南勢里忠孝路1號1樓,,,
17237,新北市樹林區金寮里保安街2段33號、35號1樓,,,
17238,新北市板橋區聯翠里松江街52號、54號1樓,,,
17239,桃園市桃園區南門里漢中路123號1樓,,,
17240,臺北市萬華區日善里民和街10號、12號1樓,,,
17242,桃園市觀音區大同里新華路2段560號1樓,,,
17243,屏東縣屏東市大連里瑞光路2段212號1樓,,,
17244,新竹縣竹東鎮東寧里東榮路105號1樓,,,
17245,新北市三重區清和里福德南路29號1樓,,,
17246,臺南市安南區顯宮里科技公園大道15號1樓,,,
17247,臺南市麻豆區麻口里麻豆口1-39號,,,
17248,新北市新莊區化成路414及416號1樓,,,
17249,新北市新莊區中全里中誠街55號及53巷2號1樓,,,
17250,宜蘭縣五結鄉中興路3段364、366、368號1樓,,,
17251,桃園市蘆竹區南崁路2段66之2號1樓,,,
17252,彰化縣社頭鄉清水村山腳路1段456號,,,
17253,新北市樹林區南園里佳園路3段101巷80弄3號,,,
17254,屏東縣潮州鎮八爺里大同路75號,,,
17255,新北市瑞芳區瑞濱路67號1樓,,,
17257,雲林縣麥寮鄉麥津村中山路412號1樓,,,
17258,臺中市豐原區西勢里成功路150之1號、152號,,,
17259,桃園市新屋區中興路600號1樓,,,
17260,新北市三重區仁興街28巷44、46號1樓,,,
17261,高雄市仁武區八德東路585號,,,
17263,新竹市北區北大路156號1樓,,,
17264,桃園市八德區興豐路340、342、344號1樓,,,
17265,新北市林口區西林里仁愛路1段619號,,,
17266,臺中市大里區中興路2段788、790、792號,,,
17267,桃園市觀音區三和里文化路坑尾段376巷1號,,,
17268,桃園市龜山區文化里復興三路71號1樓,,,
17269,臺南市中西區青年路194號1樓,,,
17270,新竹市北區榮濱路81號1樓,,,
17271,彰化縣北斗鎮復興路145-1號,,,
17272,新北市汐止區樟樹一路153號1樓,,,
17274,臺北市士林區重慶北路4段78、80號1樓,,,
17276,高雄市左營區福山里重和路22號,,,
17277,臺中市西屯區中康街2、6號1樓,,,
17278,高雄市鼓山區華榮路562號及華泰路257號1樓,,,
17279,桃園市楊梅區中山北路1段388號1樓,,,
17280,臺中市梧棲區向上路8段967號,,,
17281,新北市中和區景德街91號1樓,,,
17282,新北市淡水區崁頂里新市二路二段52、56、58、60號1樓,,,
17283,新北市淡水區屯山里淡金路五段98、100、102號,,,
17284,臺中市沙鹿區中山路117、117-1、117-2號1樓,,,
17286,臺中市神岡區岸裡里大富路18號,,,
17287,高雄市大社區神農里翠屏路84巷4-2號,,,
17288,臺南市歸仁區中正南路3段242號1樓,,,
17290,新北市板橋區貴興路89、91號1樓,,,
17291,桃園市大溪區介壽路756號1樓,,,
17292,苗栗縣苗栗市為民街382-1號1樓,,,
17293,基隆市仁愛區文昌里港西街11號1樓,,,
17294,桃園市中壢區青埔里高鐵北路1段5號,,,
17295,彰化縣永靖鄉崙子村九分路452號1樓,,,
17296,高雄市大社區中里里三民路96號,,,
17297,桃園市蘆竹區海湖東路295號1樓,,,
17298,新北市林口區自強二街8、10號1樓,,,
17299,嘉義縣民雄鄉興南村工業一路2號,,,
17300,桃園市桃園區大有路726、728號1-2樓,,,
17301,新北市中和區工專路38號1樓,,,
17302,臺北市士林區磺溪街23號1樓,,,
17303,新竹縣竹北市光明六路371號1樓,,,
17305,臺北市北投區永和里行義路128-1號,,,
17306,新北市三重區安和路105號1樓,,,
17307,新北市新莊區化成路519號1樓,,,
17308,臺中市梧棲區草湳里臨港路3段176號,,,
17309,桃園市平鎮區東豐路一二七、一二九、一三一號一樓,,,
17315,桃園市桃園區大仁路五十四、五十六號一樓,,,
17316,桃園市八德區建國路八七一號一樓,,,
17320,新北市板橋區雙十路三段二十九號一樓,,,
17321,臺北市大同區西寧北路三十五號一樓,,,
17322,桃園市大溪區美華里復興路1段268號1樓,,,
17323,桃園市八德區興豐路八三八、八四０號一樓,,,
17325,臺中市烏日區環中路八段一六二號一樓,,,
17330,新北市淡水區賢孝里淡金路五段二十、二十二號一樓,,,
17331,苗栗縣後龍鎮水尾里八鄰水尾六十七-三號一樓,,,
17335,桃園市楊梅區大同里楊新北路三二一巷三十號一樓,,,
17336,桃園市平鎮區莊敬里中豐路山頂段一巷二號、日星街一號一樓,,,
17338,臺中市梧棲區大庄里中棲路一段三九八號一樓,,,
17339,臺北市信義區興榮里基隆路一段三五０之四十一、四十三號一樓,,,
17341,新北市鶯歌區鳳祥里德昌街五十號一樓,,,
17344,桃園市龍潭區烏林里桃園縣龍潭鄉烏樹林里中豐路五九六號一樓,,,
17348,臺中市梧棲區大村里中央路一段六二五號一樓,,,
17349,南投縣竹山鎮中山里自強路一號一樓,,,
17351,臺中市烏日區太明北路二號一樓,,,
17353,臺北市中正區幸福里紹興南街四-十二號一樓,,,
17359,新竹市高峰里高翠路一七二-二號一樓,,,
17360,宜蘭縣宜蘭市建軍里民族路三九六號一樓,,,
17363,臺中市南屯區豐樂里文心南五路三二七、三二九號一樓,,,
17366,新北市樹林區樹北里博愛街八十四、八十六號一樓,,,
17368,臺中市神岡區神岡村中山路一五九０號一樓,,,
17371,桃園市龜山區文化三路四十八、五十號一樓及文三一街一號一樓,,,
17373,臺北市中山區德惠街一０九號一樓,,,
17376,臺南市仁德區中正路一段三四０號一樓,,,
17377,新竹縣湖口鄉中勢村中平路一段三六八號一樓,,,
17378,新北市三重區錦通里中央北路二號一樓,,,
17380,苗栗縣竹南鎮中美里西門十號一樓,,,
17383,新北市蘆洲區恆德村鷺江街六十九號一樓,,,
17387,新北市蘆洲區正和街四十七號一樓,,,
17391,臺北市松山區莊敬里撫遠街三六九巷三十六號一樓,,,
17394,苗栗縣苗栗市新民里中山路一二０之十二號、一二一號一樓,,,
17395,桃園市中壢區合圳北路二段四十七號一樓,,,
17396,桃園市龍潭區高原里中原路一段五０六號一樓,,,
17398,桃園市中壢區自立里永福路一０五五、一０五七號一樓,,,
17399,新竹市金山里金山二十三街三十六號一樓,,,
17401,新竹市北區客雅里中和市一四六號一樓,,,
17404,臺中市烏日區五光村五光路一七八號一樓,,,
17405,新竹縣湖口鄉東興村德和路七十六巷二號一樓,,,
17409,南投縣草屯鎮敦和里博愛路１３２１號１樓,,,
17410,臺北市信義區永春里中坡北路１７、１９號１樓,,,
17411,臺北市南港區東明里南港路２段２、４號１樓,,,
17413,南投縣南投市新興里南崗三路２４０號１樓,,,
17416,新北市板橋區新興里南雅東路１００巷３號１樓,,,
17417,嘉義縣竹崎鄉中和村２０鄰石棹２２之１９號１樓,,,
17420,屏東縣內埔鄉美和村６鄰學人路２９１號１樓,,,
17421,桃園市八德區茄苳里永豐路２３０號１樓,,,
17424,高雄市左營區新上里富民路３５０號１樓,,,
17428,新竹市東區光復路２段２７５－１號１樓,,,
17430,新北市永和區上溪里永和路２段２１７號１樓,,,
17431,新北市淡水區水碓里北新路１６５號、１６７號１樓,,,
17434,桃園市中壢區自強一路２２號、２６號１樓,,,
17437,新北市中和區秀山里大智街５５巷３０弄５８之１號１樓,,,
17438,新北市三重區田安里中華路９４號１樓,,,
17439,桃園市龍潭區永興里中興路６４９、６５１號１樓,,,
17440,新竹市高峰里高?頦穮偶飾側?,,,
17441,桃園市龜山區大同里大同路３５８號、３６４號１樓,,,
17442,桃園市桃園區大林里桃鶯路２２０號１樓,,,
17444,桃園市大園區?林里桃園縣大園鄉?漯L里三民路２段５９１號２樓、５９３號２樓,,,
17445,臺北市北投區關渡里知行路３１４號１樓,,,
17447,屏東縣屏東市華山里莊敬街１段５６號１樓,,,
17453,新北市土城區延吉里延吉街９６號１樓,,,
17454,桃園市平鎮區新貴里關爺西路１號、１－１號１樓,,,
17455,新竹縣湖口鄉孝勢村中山路２段１１９號１樓,,,
17457,桃園市中壢區三民里中正路１０９６號１樓,,,
17458,新竹縣竹北市鳳岡路３段２４５號１樓,,,
17461,高雄市左營區明華一路７２號１樓、辛亥路８７號１樓,,,
17462,新竹市東區關帝里文昌街６９號、武昌街７９號１樓,,,
17464,桃園市新屋區中山西路３段６５０號１樓,,,
17465,新北市新莊區自信里自信街７５巷２號１樓、自信街７７號１樓,,,
17467,桃園市龍潭區烏林里中豐路５２９號、５３１號１樓,,,
17468,臺中市大肚區王田村１段１４４之１號１樓,,,
17469,臺中市西區平和里民生路１０９號１樓,,,
17470,臺中市南區樹德里大慶街２段２７號１樓,,,
17474,新竹縣竹北市竹北里中山路１２號１樓,,,
17475,新竹縣竹北市十興里縣政九路２１５號１樓,,,
17476,桃園市桃園區宏昌六街１０８號１樓,,,
17478,臺南市永康區鹽行里中正路８９０號１樓,,,
17480,臺中市大雅區三和里雅潭路四段86號,,,
17482,新北市汐止區忠山里忠三街１９號１樓,,,
17483,雲林縣斗六市長安里萬年路６３２號１樓,,,
17486,新北市中和區圓通路２號、４號、６號１樓,,,
17487,新竹縣新豐鄉新豐村新和路１２８號１樓,,,
17489,桃園市楊梅區梅溪里瑞溪路１段２１８號１樓,,,
17491,桃園市中壢區中山東路３段２８２號１樓,,,
17492,桃園市龍潭區中豐路７１１號１樓,,,
17496,臺中市西屯區西屯路三段一七三之二五號一樓,,,
17498,臺北市大安區建國南路一段三三七號一樓,,,
17500,臺北市松山區八德路三段一一九號一樓,,,
17501,彰化縣彰化市泰和東街三七二號一樓,,,
17504,新北市新莊區豐年街一一八之一號一樓,,,
17505,臺中市沙鹿區北勢東路五五七號一樓,,,
17506,桃園市新屋區中山東路一段一六二號一樓,,,
17507,桃園市龜山區頂湖二三號、頂湖三街二號一樓,,,
17510,臺北市南港區中坡北路五０巷一號一樓,,,
17511,宜蘭縣宜蘭市復興路一段八八、九０號一樓,,,
17512,桃園市新屋區新生里中山路４５７號１樓,,,
17514,桃園市龍潭區中正路１０８號、１１０號１樓,,,
17517,高雄市小港區山明里博學路５７９、５８１號１樓,,,
17518,桃園市觀音區草漯里大觀路２段３１３號１樓,,,
17520,桃園市八德區竹園里長興路５７６號、５７８號１樓,,,
17521,桃園市八德區廣隆里廣福路２８１號２８３號１樓,,,
17524,桃園市中壢區永福里西園路１１２號１樓,,,
17525,基隆市仁愛區仁五路３５號１樓,,,
17526,桃園市桃園區建新街２７７號１樓,,,
17528,桃園市龍潭區高平里中豐路高平段３２１、３２７號１樓,,,
17529,桃園市八德區東勇街１號１樓,,,
17530,新北市板橋區重慶路２９０巷９號１樓,,,
17533,臺中市大雅區秀山村平和路８３號１樓,,,
17536,新竹縣湖口鄉文化路６５號１樓,,,
17537,桃園市蘆竹區海山路２段２６２號１樓,,,
17538,桃園市八德區大福街８６號１樓,,,
17540,彰化縣彰化市南校街１３５號２樓,,,
17541,彰化縣彰化市南校街１３５號５樓,,,
17542,臺北市大同區建泰里南京西路３０號１樓,,,
17546,臺北市內湖區安康路１４２號１樓,,,
17548,嘉義縣新港鄉月眉村月眉潭１２８－１號１樓,,,
17549,新竹市振興里興學街１１７號、１１９號、１２１號１樓,,,
17551,嘉義縣梅山鄉梅北村中山路２９６號１樓,,,
17554,桃園市桃園區龍祥里龍壽街２０２－８號１樓,,,
17564,桃園市楊梅區瑞溪路２段１０２號１樓,,,
17567,彰化縣鹿港鎮海埔里彰濱五路二段２９２號１樓,,,
17570,臺南市將軍區西華村西華６７－２３號１樓,,,
17571,屏東縣屏東市大同里民族路７５號１樓,,,
17573,彰化縣溪湖鎮河東里二溪路２段６１２號１樓,,,
17576,桃園市桃園區慈光街６３巷１樓,,,
17578,桃園市龜山區忠義路１段１０４１號１樓,,,
17579,桃園市桃園區文中路６９３號１樓,,,
17582,新竹市北區武陵路１２３號１樓,,,
17584,新北市淡水區水碓里北新路１３７號、１３９號１樓,,,
17587,新北市板橋區香社里中正路３４１巷３７號１樓,,,
17591,彰化縣花壇鄉花壇村番花路５號１樓,,,
17592,高雄市三民區寶盛里九如一路５３３號、５３５號１樓,,,
17593,新北市板橋區陽明街５２號、自由路１號１樓,,,
17594,新竹市南勢里延平路１段３９３號１樓,,,
17595,苗栗縣頭份市上埔里中正一路１８５號１樓,,,
17602,臺南市南區郡南里德興路１號１樓,,,
17607,臺北市大安區臨江街４０巷２號１樓,,,
17608,高雄市鳳山區二甲里鳳育路２號１樓,,,
17617,新竹縣新豐鄉池府路69號1樓,,,
17620,臺中市北屯區軍功里軍功路2段130號1樓,,,
17623,臺中市大肚區大東村自由路212-9號1樓,,,
17627,桃園市中壢區中正路2段359號1樓,,,
17632,臺中市西屯區林厝里福雅路349之1號1樓,,,
17633,新竹縣竹北市縣政九路161號1樓,,,
17635,新北市永和區福和路7巷11弄16號1樓,,,
17637,桃園市龜山區文化三路95號、97號1樓,,,
17641,臺北市信義區松山路537號、541巷1號1樓,,,
17643,桃園市蘆竹區蘆竹里南工路150號1樓,,,
17644,新竹縣芎林鄉文德路51號1樓,,,
17646,高雄市苓雅區正言里福德二路5號1樓,,,
17650,苗栗縣頭份市忠孝二路128號1樓,,,
17651,桃園市中壢區吉林路69號、71號1樓,,,
17653,臺中市清水區中山路563號1樓,,,
17654,彰化縣花壇鄉中山路1段72號1樓,,,
17657,雲林縣虎尾鎮垺內里垺內80號1樓,,,
17658,桃園市桃園區汴洲里健行路103號1樓,,,
17662,新北市五股區興珍村四維路153號1樓,,,
17664,桃園市八德區廣隆里國際路85號1樓,,,
17665,嘉義縣朴子市松華里351號1樓,,,
17666,新竹市三民里中華路2段206號1樓,,,
17667,臺北市大安區忠孝東路3段287號1樓,,,
17670,新竹市潛園里西大路491號、491-1號1樓,,,
17671,臺北市士林區天山里中山北路7段186號1樓,,,
17672,南投縣國姓鄉福龜村中正路1段100-1號1樓,,,
17674,高雄市小港區東林路12之5號1樓,,,
17675,桃園市觀音區崙坪里忠愛路3段2號1樓,,,
17678,新北市三重區安慶里安慶街203之1號1樓,,,
17680,臺中市沙鹿區西勢里中清路44號1樓,,,
17681,桃園市楊梅區埔心里福德街66號、68號1樓,,,
17685,新北市樹林區味王街3號1樓,,,
17686,雲林縣莿桐鄉義和村三和路137之1、137之2號1樓,,,
17690,臺北市松山區新聚里南京東路5段250巷3-1號1樓,,,
17694,臺中市西屯區何安里文心路3段91號1樓,,,
17695,桃園市平鎮區義民里廣泰路75號1樓,,,
17696,新北市三峽區鳶山里大勇路2-1號1樓,,,
17698,臺中市南區工學里工學路169號1樓,,,
17699,基隆市七堵區百福里百五街43號、福二街206號1樓,,,
17700,臺中市烏日區光明村五光路708號1樓,,,
17703,高雄市大寮區琉球村林厝路96號1樓,,,
17705,新竹縣竹東鎮頭重里竹中路131號1樓,,,
17707,臺北市大同區重慶北路1段63號1樓,,,
17709,新北市蘆洲區樹德里信義路35號1樓,,,
17713,彰化縣線西鄉寓埔村和線路909號1樓,,,
17714,高雄市前鎮區瑞福路185號1樓,,,
17716,桃園市八德區龍江路313、315號1樓,,,
17717,桃園市桃園區大林里樹仁二街50號1樓,,,
17719,新竹縣新豐鄉埔和村埔頂186號1樓,,,
17720,新北市八里區龍源村龍米路1段215、217號1樓,,,
17721,新北市板橋區國慶路180號1樓,,,
17722,新北市新莊區立功里中和街19號1樓,,,
17723,臺南市南區文華里文南路349號1樓、永華路1段269號1樓,,,
17726,南投縣草屯鎮新豐里新豐路298號1樓,,,
17727,桃園市中壢區光明里義民路2段157號1樓,,,
17728,彰化縣埔鹽鄉好修村中正路231、233號1樓,,,
17729,新北市鶯歌區大湖里大湖路532、534號1樓,,,
17730,新竹縣湖口鄉勝利村光復東路335-1號1樓,,,
17731,宜蘭縣蘇澳鎮新城里馬賽路439號1樓,,,
17732,屏東縣鹽埔鄉新圍村維新路112-1號1樓,,,
17733,南投縣集集鎮吳厝里民生路192號1樓,,,
17735,臺北市中山區天祥路70號1樓,,,
17736,新北市板橋區華翠里莊敬路77號1樓,,,
17737,桃園市八德區大福里力行街117-1號1樓,,,
17738,雲林縣斗六市龍潭里大學路3段233號1樓,,,
17739,桃園市中壢區普慶里中山東路2段445-1號、445-2號1樓,,,
17743,臺北市士林區義信里大東路7號1樓,,,
17744,屏東縣東港鎮嘉蓮里嘉蓮路1-3號1樓,,,
17746,高雄市苓雅區福地里武慶三路74號、76號1樓,,,
17748,新北市新店區安民街136號1樓,,,
17749,新竹縣竹北市福德里大同街33號1樓,,,
17751,臺中市后里區眉山里甲后路二段429號,,,
17754,新竹市東區復興里經國路1段379巷1號1樓,,,
17757,桃園市中壢區仁愛里永福路603號1樓,,,
17758,新北市樹林區樹西里中興街60號、中山路1段108巷57號1樓,,,
17759,新竹縣芎林鄉石潭村福昌街393號1樓,,,
17760,新北市樹林區三多里三俊街72-1號1樓,,,
17761,桃園市桃園區三元里大有路128號1樓,,,
17767,桃園市楊梅區三湖里楊湖路3段604號1樓,,,
17769,臺中市神岡區和睦路285號1樓,,,
17771,雲林縣崙背鄉大有村大有路158-3號1樓,,,
17772,新北市土城區學士里裕民路240號、242號1樓,,,
17773,臺南市永康區鹽行里中正北路314號1樓,,,
17775,嘉義縣中埔鄉和美村中山路5段736號1樓,,,
17776,臺南市南區開南里新建路37巷2號1樓,,,
17777,臺中市大雅區大雅村雅環路2段346號、348號1樓,,,
17778,新竹縣湖口鄉信勢村明德街243號1樓,,,
17779,臺北市松山區復勢里光復北路102號1樓,,,
17780,苗栗縣大湖鄉富興村八寮灣3-7號3-8號1樓,,,
17782,苗栗縣苗栗市福麗里至公路528號1樓,,,
17785,桃園市中壢區五權里志廣路81號1樓,,,
17787,桃園市楊梅區三湖里楊湖路1段655號、657號1樓,,,
17790,新北市新店區建國里建安街1號、建國路43號1樓,,,
17792,新北市新莊區幸福里幸福路562號1樓,,,
17795,臺北市北投區立德路60號、立功街135號1樓,,,
17796,新竹縣湖口鄉湖鏡村中正路3段10、12號1樓,,,
17802,新北市三重區五谷里光復路1段85號85之2號1樓,,,
17806,桃園市中壢區舊明里民族路45號、47號1樓,,,
17807,新北市土城區永富里延吉街300、302號1樓,,,
17808,臺北市中正區光復里衡陽路103號1樓,,,
17811,臺南市安平區西門里安北路405、407號1樓,,,
17812,臺中市太平區宜佳里宜昌路302號1樓,,,
17813,新北市板橋區玉光里永豐街51-1號、51-2號1樓,,,
17818,新竹縣竹北市泰和里博愛街762號1樓,,,
17819,臺北市大同區建泰里南京西路64巷9弄2號1樓,,,
17822,新北市三重區福址里重新路4段176號1樓,,,
17823,臺北市大同區隆和里延平北路3段40號1樓,,,
17824,新北市三重區六合里自強路二段74巷1號1樓,,,
17825,臺北市北投區裕民里裕民六路120號1樓,,,
17826,高雄市仁武區大灣村仁雄路467號1樓,,,
17827,桃園市平鎮區新安里洪圳路378之2號1樓,,,
17828,臺南市七股區大潭村台潭25號1樓,,,
17830,新竹縣湖口鄉中興村光復東路150號1樓,,,
17835,桃園市平鎮區東安里龍安路141號1樓,,,
17837,彰化縣鹿港鎮頂番里鹿和路4段265號,,,
17839,臺中市太平區光德路379號1樓,,,
17840,臺中市豐原區豐圳里建成路115號1樓,,,
17841,桃園市桃園區建國里林森路29號1樓,,,
17842,臺北市松山區東光里南京東路5段61號、63號1樓,,,
17846,高雄市岡山區仁義里筧橋路1號1樓,,,
17847,新北市樹林區東陽里東榮街123號、125號1樓,,,
17848,高雄市大寮區琉球村琉球路102之23號1樓,,,
17851,高雄市鳳山區文華里文化路69之6號、71號1樓,,,
17852,臺北市南港區舊莊里舊莊街1段212巷2號1樓,,,
17853,新北市三重區田心里忠孝路3段50巷98號1樓,,,
17854,新北市新莊區思源里民樂街80號、82號1樓,,,
17856,臺南市麻豆區寮洧蝦d子166之17號1樓,,,
17857,新北市新莊區中華里復興路2段31號1樓,,,
17859,桃園市大溪區仁善里介壽路568號1樓,,,
17860,新北市中和區民有里自治街38號、40號1樓,,,
17862,高雄市鳳山區龍成里自強二路88號1樓,,,
17864,高雄市仁武區仁和村仁忠路86、92號1樓,,,
17866,彰化縣員林市振興里山腳路2段11號1樓,,,
17867,臺中市西屯區永安里西屯路3段158-50號1樓,,,
17868,臺北市大同區至聖里酒泉街15號1樓,,,
17869,臺北市北投區八仙里中央南路2段5號、7號1樓,,,
17871,高雄市鳥松區仁美村神農路720-1號1樓,,,
17872,新北市汐止區中興里中興路156號1樓,,,
17874,高雄市岡山區本洲里本洲路55-47號1樓,,,
17875,臺北市萬華區和平里雙園街69號1樓,,,
17876,新竹市東區東園里光復路2段962號1樓,,,
17877,臺北市內湖區湖興里民權東路6段117號1樓,,,
17878,新北市泰山區明志村明志路2段324號、326號1樓,,,
17879,宜蘭縣蘇澳鎮南強里蘇花路2段268號1樓,,,
17880,新竹縣竹北市大眉里中華路1165號1樓,,,
17882,高雄市鳥松區大華村本館路279號1樓,,,
17883,臺中市太平區太平里永豐路258號1樓,,,
17885,新北市中和區中板路27號1樓,,,
17886,桃園市龍潭區中山里五福街31號、33號1樓,,,
17888,臺中市大甲區頂店里彈正路1號1樓,,,
17889,臺北市南港區中研里研究院路2段110號1樓,,,
17890,桃園市蘆竹區宏竹里大竹北路180號1樓,,,
17891,桃園市八德區大仁里和平路1446號1樓,,,
17896,新北市三重區大同里重新路3段2號1樓,,,
17897,彰化縣彰化市西興里辭修路515號1樓,,,
17899,臺北市萬華區青山里梧州街55號1樓,,,
17900,彰化縣福興鄉同安村番花路2段867號1樓,,,
17901,臺中市大里區健民里仁化路2號1樓,,,
17902,雲林縣土庫鎮石廟里復興路90號1樓,,,
17903,桃園市龜山區大崗里頂湖路1號1樓,,,
17905,新北市五股區成功村西雲路134號、134之1號1樓,,,
17906,新北市汐止區文化里新台五路1段94號1樓,,,
17907,新北市土城區學府里學府路1段139號、141號1樓,,,
17908,新北市三重區福隆里溪尾街108巷58號1樓,,,
17909,新北市新莊區榮和里新莊路307號、309號1樓,,,
17913,桃園市平鎮區民族路2段110號、112號1樓,,,
17916,新竹縣新豐鄉康樂路1段399號,,,
17917,新竹市東區大學路16號,,,
17918,新北市蘆洲區水河里民族路364號、366號,,,
17919,桃園市大園區五青路76號,,,
17920,臺中市北區頂厝里太原路2段240號,,,
17921,新竹市東區關新里關東路125號1樓,,,
17922,臺中市大里區大明里新仁路3段210號,,,
17923,新竹縣尖石鄉嘉樂村3鄰麥樹仁98號及99號1、2樓,,,
17924,新竹市香山區香山里元培街92號1樓,,,
17925,新北市新莊區富國路102號1樓,,,
17926,高雄市鳳山區府前路38、40、42號,,,
17927,桃園市桃園區同安里慈文路170號1樓,,,
17928,新竹市香山區虎山里延平路2段319、321、323號1樓,,,
17929,桃園市楊梅區高上路1段639號1樓,,,
17930,臺中市西屯區福恩里臺灣大道四段1727號,,,
17931,桃園市桃園區中德里國際路1段431號,,,
17932,高雄市楠梓區德民路1260號,,,
17933,臺中市霧峰區南柳里柳豐路500號,,,
17934,桃園市楊梅區秀才路200、202及204號1樓,,,
17935,桃園市觀音區大潭里濱海路大潭段172號1樓,,,
17936,彰化縣花壇鄉彰員路3段166、168、170號及虎山街420號1樓,,,
17937,新北市三峽區正義街2號,,,
17938,臺南市永康區東橋里東橋十街47號1樓,,,
17939,高雄市鳳山區鎮北里文龍東路240號,,,
17940,臺中市南屯區黎明里干城街267號,,,
17941,臺北市南港區重陽路472號1樓,,,
17943,新北市土城區清化里青雲路589號及589-1號1樓,,,
17944,屏東縣潮州鎮永春里南京路15號,,,
17945,桃園市中壢區中正路621、623、625號,,,
17947,嘉義縣番路鄉公田村隙頂52-11號,,,
17948,臺中市太平區中興路92、94、96號,,,
17949,新北市三重區仁愛街72號1樓,,,
17950,桃園市八德區福興里廣興路236號,,,
17951,屏東縣屏東市豐年街149號1樓,,,
17952,桃園市桃園區中正五街225號,,,
17953,新竹縣竹北市博愛街708號,,,
17954,桃園市大園區橫峰里民生南路196號,,,
17955,臺中市潭子區甘蔗里勝利路209號,,,
17956,彰化縣埤頭鄉合興村斗苑西路92號,,,
17957,高雄市鳥松區夢裡里大仁北路125號,,,
17958,臺北市文山區木柵路2段4號,,,
17959,桃園市龜山區文青路163號,,,
17960,臺北市內湖區內湖路1段217巷37號,,,
17962,桃園市新屋區新榮路88號,,,
17963,新北市汐止區厚德里樟樹二路291號,,,
17964,屏東縣萬丹鄉中興路1段125、127號,,,
17965,屏東縣車城鄉福安村忠孝路168號,,,
17966,桃園市平鎮區東豐路239、241、243、245號,,,
17967,新北市板橋區合安一路61號1樓,,,
17968,苗栗縣苗栗市中正路1300號,,,
17969,苗栗縣頭份市中華路1770、1772號,,,
17970,屏東縣內埔鄉東寧村勝利路230、232號,,,
17971,彰化縣社頭鄉員集路3段750號,,,
17972,彰化縣二林鎮斗苑路5段109、111、113號,,,
17973,桃園市桃園區中正路103號,,,
17974,桃園市中壢區興仁路2段95、97號,,,
17975,新北市三重區永德里後竹圍街177、179號1樓,,,
17976,臺南市永康區永勝街1號,,,
17977,桃園市大園區華興路152、156號,,,
17979,新竹縣竹北市仁義路148號、四維街126號,,,
17981,桃園市楊梅區青山一街207、209、211號,,,
17982,臺南市永康區中正南路855號,,,
17983,金門縣金湖鎮尚義機場2號,,,
17984,新北市三峽區大學路17號及19號1樓,,,
17985,桃園市八德區興仁里中山路166號,,,
17986,新北市鶯歌區二橋里中正三路37號、39號,,,
17987,臺南市永康區東橋七路185號,,,
17989,桃園市蘆竹區大新路818號、820號1樓,,,
17990,桃園市平鎮區新富五街47、49號,,,
17991,臺北市萬華區環河南路2段96號1、2樓及98號1樓,,,
17992,臺中市南屯區文心南三路300號、302號,,,
17993,高雄市三民區鼎盛里大中一路233號1、2樓及235巷1號2樓,,,
17994,臺北市中山區中山北路2段48巷7號地下1層,,,
17995,基隆市信義區東光路30之4、30之5號,,,
17997,屏東縣東港鎮中正路3段87、89號1樓,,,
17998,臺中市大甲區甲后路5段271、273號1樓,,,
17999,桃園市中壢區中華路1段390號1樓,,,
18000,宜蘭縣三星鄉月眉村三星路4段436號1樓,,,
18001,新北市土城區清溪里清水路219號,,,
18003,新北市林口區仁愛路2段492-1、492-2號1樓,,,
18004,高雄市左營區廟東里左營大路400、402號,,,
18005,新北市淡水區濱海路3段140、142號1樓,,,
18008,宜蘭縣羅東鎮樹林里公正路342號1樓,,,
18009,苗栗縣公館鄉五谷村五谷92-13號,,,
18010,桃園市楊梅區瑞坪里梅獅路2段447號1樓,,,
18011,臺中市大里區仁德里仁化路243號、247號1樓,,,
18013,苗栗縣苗栗市文山里國華路750號1樓,,,
18014,新北市三重區高華里進安街76號1樓,,,
18015,新北市三重區龍門里龍門路176號1樓,,,
18016,基隆市暖暖區碇內里源遠路243號1樓,,,
18017,臺北市內湖區港墘里陽光街298號1樓,,,
18018,彰化縣福興鄉福興村沿海路5段252之8號1樓,,,
18021,新北市板橋區純翠里長江路2段2號1樓,,,
18022,新北市三重區碧華里仁安街2號1樓,,,
18024,新北市樹林區彭福里忠孝街45、47、49號1樓,,,
18025,桃園市龍潭區高原里中原路3段53號1樓,,,
18026,臺北市內湖區西康里內湖路1段120巷16號1樓,,,
18027,苗栗縣三義鄉西湖村3鄰下湖5之10號1樓,,,
18028,新北市新莊區營盤里中正路510號,,,
18029,苗栗縣泰安鄉錦水村4鄰圓墩7之5號1樓,,,
18030,高雄市大社區神農村3鄰金龍路120號,,,
18031,新北市林口區湖北村湖子48號之1,,,
18032,桃園市蘆竹區富竹里富國路2段2號1樓,,,
18037,新北市板橋區新翠里互助街48號、50號1樓,,,
18038,臺北市內湖區西湖里基湖路35巷11號1樓,,,
18039,臺北市中山區朱園里松江路27號1樓,,,
18040,新北市蘆洲區正義里光榮路68號、70號1樓,,,
18041,桃園市桃園區中寧里大興西路2段55號1樓之2,,,
18042,臺中市南區城隍里忠孝東路166號1樓,,,
18044,屏東縣恆春鎮山腳里恆南路29之8號1樓,,,
18045,臺中市太平區太平里永平路3段146號、148號1樓,,,
18046,臺北市萬華區和平里西園路2段134號、136號、138號1樓,,,
18047,新竹縣新埔鎮田新里田新路408號1樓,,,
18048,臺中市大里區仁德里成功二路57號、59號1樓,,,
18050,新北市五股區五福里五福路8號、10號1樓,,,
18052,臺中市烏日區榮泉里中山路3段548號1樓,,,
18053,新竹市東香里富群街19號、21號1樓,,,
18055,臺北市中正區建國里寶慶路35號1樓,,,
18056,新北市土城區安和里延和路66號、68號1樓,,,
18057,彰化縣鹿港鎮海埔里鹿工南一路1巷1號、3號1樓,,,
18058,新北市中和區文元里員山路86號、88號1樓,,,
18059,新竹縣竹東鎮上坪里上坪45之7號1樓,,,
18060,新竹縣湖口鄉八德路3段2號、長安路1號、3號1樓,,,
18061,臺中市烏日區溪壩里溪南路1段230號1樓,,,
18062,桃園市大溪區田心里中華路96號1樓,,,
18063,新北市蘆洲區得仁里中山一路293號、293-1號1樓,,,
18065,桃園市楊梅區青山里青山六街3號地下1樓,,,
18068,新北市板橋區新海里新海路393號、395號1樓,,,
18069,高雄市鳳山區文山里文衡路248號1樓,,,
18070,苗栗縣苗栗市上苗里為公路44號、46號1樓,,,
18071,桃園市蘆竹區山鼻里長興路2段22號1樓,,,
18072,臺北市內湖區康樂里安泰街26號28號1樓,,,
18073,苗栗縣泰安鄉清安村洗水坑3之1號1樓,,,
18074,新北市三重區永清里永福街97號、99號1樓,,,
18075,宜蘭縣蘇澳鎮隘丁里海山西路270號1樓,,,
18076,臺北市北投區永明里義理街96號、立農街2段292號1樓,,,
18077,新北市板橋區仁愛里四川路1段483號、485號1樓,,,
18078,桃園市楊梅區高上里高獅路899號1樓,,,
18079,臺北市大安區龍陣里興南路2段148號1樓,,,
18080,臺中市北屯區東光里東山路1段35號1樓,,,
18081,新北市板橋區青翠里仁化街186號1樓,,,
18082,新北市永和區福和里永貞路158號、160號1樓,,,
18083,桃園市新屋區東明里中興路317號1樓,,,
18084,桃園市中壢區文化里吉林路132號1樓,,,
18085,臺北市南港區合成里玉成街52巷2弄3號、5號1樓,,,
18086,桃園市桃園區寶安里安慶街129號、131號1樓,,,
18087,新北市新莊區和平里福壽街188號、190號1樓,,,
18089,高雄市大寮區會社里鳳林三路97號、99號、101號1樓,,,
18090,新北市新莊區雙鳳里雙鳳路53號1樓,,,
18092,桃園市楊梅區楊梅里梅高路26號1樓,,,
18094,新北市新莊區化成里化成路13號、17號1樓,,,
18098,臺中市豐原區豐田里豐南街58號1樓,,,
18099,新竹縣芎林鄉文林村文山路137號、139號、141號1樓,,,
18100,新北市三重區長江里龍濱路21號、23號1樓,,,
18101,嘉義市東區中山里啟明路283號1樓,,,
18102,新北市新店區新和里新和街77號、79號1樓,,,
18103,新北市中和區中原里立德街26巷1號、28號1樓,,,
18104,高雄市燕巢區西燕里中興北路16號1樓,,,
18106,臺北市北投區清江里清江路53號、55號1樓,,,
18107,新北市新莊區中信里中信街20號、22號1樓,,,
18108,高雄市仁武區八卦里八德中路180號1樓,,,
18109,桃園市龍潭區凌雲里聖亭路122號、124號1樓,,,
18111,桃園市平鎮區新貴里中豐路687號1樓,,,
18112,高雄市橋頭區仕和里仕豐路111之7號1樓,,,
18113,新北市蘆洲區永樂街38巷32號、34號1樓,,,
18114,新竹縣湖口鄉長嶺村八德路3段27號1樓,,,
18115,新北市新店區安民街336號、安和路2段205巷6號1樓,,,
18116,屏東縣車城鄉福興村中山路15號,,,
18117,高雄市鼓山區維生里濱海一路109號1樓,,,
18118,臺北市內湖區港墘里江南街111號1樓,,,
18119,臺南市南區南華里中華南路2段294號、296號、298號1樓,,,
18120,桃園市桃園區三元里大有路175號、179號1樓,,,
18121,新北市林口區南勢里文化三路1段613、615號1樓,,,
18123,新竹縣湖口鄉鳳凰村仁和路111號1樓、113號1樓,,,
18124,高雄市前鎮區金福路95號、97號1樓,,,
18125,新北市永和區上林里竹林路65號1樓,,,
18126,高雄市大寮區中興里中正路22號1樓,,,
18127,新竹市香山區大庄里香北一路110號1樓、116號1樓,,,
18128,新北市三重區福民里環河南路221巷14號、16號1樓,,,
18129,新竹縣竹北市十興里莊敬北路427號1樓,,,
18130,高雄市三民區鼎西里鼎力路100號1樓,,,
18131,新北市淡水區水源里北新路2段150號1樓,,,
18132,新北市板橋區懷翠里民治街57巷2號、59號1樓,,,
18133,新北市中和區平河里新生街225號、227號1樓,,,
18134,臺北市中正區梅花里忠孝東路1段35號1樓,,,
18135,桃園市中壢區內定里合定路11號1樓,,,
18136,新北市三重區慈化里溪尾街293號、295號1樓,,,
18137,高雄市杉林區月眉里大愛路1號,,,
18138,臺北市內湖區內湖里金龍路64號、66號1樓,,,
18139,桃園市平鎮區復旦里復旦路2段206號1樓,,,
18140,新北市淡水區大庄里新市一路1段104巷6號1樓,,,
18141,新北市五股區成功里成泰路3段175號、175-1號1樓,,,
18142,臺北市士林區天壽里中山北路6段431之4號1樓,,,
18143,臺北市萬華區孝德里德昌街241號2453號245號1樓,,,
18144,苗栗縣頭份市斗煥里中正二路192號1樓,,,
18145,新竹縣竹東鎮三重里中興路2段426號、426-1號、426-2號、426-3號1樓,,,
18146,臺南市東區大同里大同路1段59號1樓,,,
18147,高雄市苓雅區正言里正言路11號、13號1樓,,,
18148,高雄市路竹區鴨寮里復興路319號1樓,,,
18149,高雄市林園區廣應里東林西路356號1樓,,,
18150,苗栗縣頭份市自強里自強路108號1樓,,,
18151,苗栗縣苗栗市新苗里中正路807號1樓,,,
18152,新北市板橋區龍翠里大同街29號、31號1樓,,,
18153,臺北市北投區永和里行義路142-1號地下1樓、142-3號地下1樓,,,
18154,臺南市官田區二鎮里工業路21號1樓,,,
18155,新北市蘆洲區正義里長樂路22號1樓,,,
18156,新北市三重區仁義里大同南路148號1樓,,,
18158,新北市板橋區華中里僑中一街124巷11弄1號、3號1樓,,,
18159,桃園市桃園區大林里桃鶯路457號、459號1樓,,,
18161,臺北市南港區西新里南港路3段8號1樓、10號1樓,,,
18162,彰化縣和美鎮塗厝里彰新路5段455號1樓,,,
18163,新竹縣竹北市十興里莊敬三路117號1樓,,,
18164,新竹縣竹北市鹿場里莊敬南路63號1樓,,,
18165,屏東縣屏東市永安里建國路113之2號,,,
18168,新竹市東區豐功里東美路168號1樓,,,
18169,新北市三重區大有里中正北路415號、417號1樓,,,
18170,新北市三重區中正北路25巷5號7號1樓,,,
18171,桃園市觀音區成功路1段647號1樓,,,
18172,臺北市中山區松江路50號1樓,,,
18174,高雄市大寮區光明路2段1之1號1樓,,,
18175,桃園市龜山區南上路284號1樓,,,
18177,高雄市苓雅區英祥街17號1樓,,,
18179,臺北市萬華區長沙街2段50號1樓,,,
18180,新北市土城區學成路80號1樓、82號1樓,,,
18181,高雄市美濃區成功路218號1樓,,,
18183,苗栗縣三義鄉雙湖11-8號1樓,,,
18184,嘉義市東區興業東路160號1樓,,,
18185,臺南市佳里區六安117號之46,,,
18186,新竹市東區埔頂路586號1樓,,,
18187,高雄市楠梓區福昌里三山街61之7號1樓,,,
18188,桃園市觀音區大同里中山路2段1362號1樓,,,
18190,臺北市內湖區大湖里大湖山莊街179號1樓,,,
18191,新竹市北區金竹里金竹路121號1樓,,,
18194,高雄市大寮區江山村鳳屏二路84號、86號、88號1樓,,,
18195,臺南市永康區復興里復興路405號1樓,,,
18196,高雄市左營區合群里緯六路250號、252號1樓,,,
18197,臺北市內湖區石潭里新明路241號、241-1號1樓,,,
18199,臺北市大安區黎孝里安居街15號1樓,,,
18200,新北市板橋區僑中里僑中二街104巷1號、3號1樓,,,
18202,新北市新莊區中全里中誠街161號、163號1樓,,,
18203,臺北市萬華區青山里廣州街247號1樓,,,
18204,桃園市平鎮區平鎮里南平路2段526號1樓,,,
18205,新北市林口區麗園里文化一路1段52號1樓,,,
18206,嘉義市東區新開里體育路79號1樓,,,
18207,新北市三重區溪美里仁愛街331號1樓,,,
18209,新北市新莊區頭前里福德二街57號、福美街98號1樓,,,
18210,新北市鶯歌區鳳祥里鶯桃路547號、549號1樓,,,
18211,桃園市龜山區南上里民生北路1段128號、130號、132號1樓,,,
18212,臺北市中正區林興里辛亥路1段17巷2號及19號1樓,,,
18213,新北市樹林區東園里柑園街1段190號1樓,,,
18214,新北市樹林區?寮里保安街2段293號、293-1號1樓,,,
18215,新北市三重區溪美里仁愛街382號及慈愛街201、203號1樓,,,
18216,新竹縣竹北市東平里興隆路3段357號1樓,,,
18217,高雄市三民區鼎泰里鼎中路139號1樓,,,
18218,高雄市小港區山明里山明路482號1樓,,,
18219,彰化縣花壇鄉橋頭村彰員路2段81號1樓,,,
18220,新北市新莊區瓊林里瓊泰路59、61號1樓,,,
18221,新竹縣竹北市竹仁里中山路415號1樓,,,
18222,桃園市楊梅區高上里青年路2段204巷1號、3號1樓,,,
18223,高雄市岡山區台上里嘉新東路79-5號1樓,,,
18224,新竹市東區振興里振興路79號、81號1樓,,,
18225,新北市三重區五福里五華街70號1樓,,,
18226,桃園市平鎮區湧豐里9鄰南豐路104、106號1樓,,,
18227,臺中市豐原區三村里三和路349巷2號1樓,,,
18229,新北市蘆洲區得勝里得勝街108號1樓,,,
18230,桃園市大園區南港里大觀路997號1樓,,,
18231,臺北市內湖區西康里文湖街21巷26、28號1樓,,,
18232,桃園市中壢區永尾里新生路2段324、326、328號1樓,,,
18233,新竹縣竹北市大義里鳳岡路3段256號、258號1樓,,,
18234,高雄市鳳山區過埤里高鳳一路70號1樓,,,
18235,宜蘭縣頭城鎮武營里青雲路3段547號1樓,,,
18236,新竹市東區明湖里明湖路1010號1樓,,,
18237,臺北市中正區梅花里八德路1段82巷10號1樓,,,
18239,臺中市神岡區庄前里三民南路2號1樓,,,
18242,高雄市大樹區三和里學城路1段131號1樓,,,
18243,新北市三重區慈生里仁美街96巷1號,,,
18244,彰化縣彰化市延和里大埔路251號1樓,,,
18245,雲林縣斗六市溝埧里仁義路146號1樓,,,
18246,桃園市桃園區大有里大有路491號1樓,,,
18247,桃園市八德區大發里和平路1046號1樓,,,
18248,高雄市楠梓區藍田里藍田路948號1樓,,,
18249,新北市淡水區崁頂里濱海路1段221號1樓,,,
18250,高雄市三民區長明里建國二路210、212、214號1樓,,,
18251,臺中市北屯區后庄里同榮路68號1樓,,,
18252,新北市八里區米倉里龍米路2段57、59號1樓,,,
18253,高雄市大寮區潮寮里華中南路153號1樓,,,
18255,新北市三重區順德里仁義街12號1樓及仁興街30巷37號1樓,,,
18256,臺北市萬華區青山里西園路1段168號、170號1樓,,,
18257,高雄市仁武區考潭里鳳仁路4-6號,,,
18258,新竹市北區曲溪里成德路89號、91號1樓,,,
18259,基隆市仁愛區仁德里愛三路130號1樓,,,
18260,臺中市西屯區大墩二十街53、55號1樓,,,
18261,新北市三峽區大埔里中園街237號1樓,,,
18263,臺北市大同區承德路3段284、286號1樓,,,
18264,新北市新莊區頭前里中原東路91號1樓,,,
18265,新北市八里區中山路一段125號、127號1樓,,,
18266,新北市樹林區西園里柑園街2段278號、280號1樓,,,
18267,桃園市楊梅區雙榮里民族路5段141號、143號、145號1樓,,,
18268,桃園市龍潭區中正路471號1樓,,,
18269,嘉義縣太保市前潭里後潭160、160-1號1樓,,,
18270,臺北市內湖區文德路210巷30弄6、8、10號1樓,,,
18271,宜蘭縣宜蘭市校舍路161、161-1、161-2號,,,
18272,臺南市白河區關嶺里38-1號1樓,,,
18273,新北市三重區文化北路224巷1、3號1樓,,,
18274,臺南市安南區溪頂里23鄰惠安街102、104號1樓,,,
18275,桃園市龍潭區龍源路大平段262、264、266號1樓,,,
18276,桃園市八德區長興路773、775、777、779號1樓,,,
18277,臺北市北投區中和街399-5、399-6號1樓,,,
18278,臺中市神岡區三角里大豐路4段225號,,,
18279,臺北市文山區華興里木柵路1段168、170號1樓,,,
18280,新北市汐止區汐萬路1段409、411號1樓,,,
18281,彰化縣鹿港鎮中山路519號1樓,,,
18282,高雄市梓官區中正路137號1樓,,,
18283,桃園市中壢區興南里九和一街68、70號1樓,,,
18284,新北市土城區裕生路86巷2、4號1樓,,,
18285,彰化縣鹿港鎮中山路340號1、2樓,,,
18286,新北市鶯歌區尖山路188號、190號1樓,,,
18287,桃園市新屋區清華里新華路1段102號,,,
18288,臺南市楠西區中正路179、179-1、179-2號1樓,,,
18289,桃園市龍潭區中興里中興路336巷74號、76號1樓,,,
18291,臺南市中西區民權路4段138號1樓,,,
18292,新竹縣竹東鎮長春路2段97、99號1樓,,,
18293,彰化縣鹿港鎮鹿草路1段281、285號1樓,,,
18294,桃園市蘆竹區長興里南崁路1段286號,,,
18295,高雄市小港區坪頂里高坪七路1號,,,
18296,苗栗縣頭份市富強一街9號1樓,,,
18297,臺中市南屯區永春東七路602號1樓,,,
18298,南投縣草屯鎮山腳里太平路1段48號1樓,,,
18299,苗栗縣頭份市上庄路77號1樓,,,
18300,高雄市仁武區永仁街272-1號1樓,,,
18301,新北市三重區大智街22、24號1樓,,,
18302,新北市鶯歌區中正三路304、306、308、310號,,,
18303,新竹市東區南大路299、301號1、2樓,,,
18304,臺北市文山區木新路2段141、143號1樓,,,
18305,臺北市中山區林森北路258號1樓及地下室,,,
18306,新北市蘆洲區中正路185巷78弄1、3號1樓,,,
18307,臺北市松山區光復南路13巷16號1樓,,,
18308,臺北市大安區羅斯福路3段283巷11號1樓,,,
18309,高雄市楠梓區常德路324巷10號,,,
18310,桃園市大園區高鐵北路2段145號1樓、大成路2段1號1樓,,,
18312,宜蘭縣礁溪鄉大坡路2、2之1、6、8號1樓,,,
18313,新北市三重區中正北路278、280、282號1樓,,,
18314,新北市樹林區坡內里備內街26號,,,
18315,新北市淡水區清水街2號1樓及英專路43號1樓,,,
18316,新北市汐止區南興路58號1樓,,,
18317,彰化縣田中鎮中正路577號1樓,,,
18318,高雄市楠梓區大學南路309號1樓,,,
18319,苗栗縣竹南鎮科專三路129號1樓,,,
18320,臺北市南港區南港路3段358、360號1樓,,,
18321,臺北市中山區龍江路47號1樓,,,
18322,臺北市內湖區瑞光路502號1樓,,,
18323,臺南市仁德區二行里二仁路1段157、159號,,,
18324,臺中市太平區育賢路60號1樓,,,
18325,桃園市楊梅區青山一街99、101號1、2樓,,,
18326,屏東縣新園鄉中正路142號,,,
18327,桃園市蘆竹區海山路2段513、515號1樓,,,
18328,臺北市北投區中和街504號、506號、508號1樓,,,
18329,新北市三峽區長泰街80、82、84號及78巷1弄1號、3號1樓,,,
18330,臺南市新營區復興路622號1樓,,,
18331,臺北市士林區承德路4段130號1樓及後港街37號1樓,,,
18335,桃園市龍潭區中興路二０九號一樓,,,
18336,桃園市中壢區自強一路一００、一０二號一樓,,,
18341,苗栗縣公館鄉五谷村五谷211號1樓、213號1樓,,,
18347,新竹縣竹北市華興街二二八號一樓,,,
18348,新北市鶯歌區重慶街二十九號一樓,,,
18353,新北市板橋區大觀路二段一四二之二號一樓,,,
18358,桃園市大園區建國路一四九號一樓,,,
18359,新竹市東區新竹市立功里光復路二段一四八號一樓,,,
18362,新竹市香山區新竹市香山里香北路一五０號一樓,,,
18368,新北市三重區仁愛街二五三號一樓,,,
18378,新北市土城區中央路四段五十六號一樓,,,
18383,新北市樹林區臺北縣樹林鎮中正路七九一號一樓,,,
18384,臺北市信義區永吉路二八０號一樓,,,
18390,臺中市北區太平路七十二號一樓,,,
18393,新北市三重區中正北路一０五號一樓,,,
18404,新北市中和區中和路四一四號一樓,,,
18416,新北市中和區中山路二段三五二號一樓,,,
18417,臺中市大甲區經國路四０七號一樓,,,
18420,新竹縣新豐鄉康樂路一段一一０號、尚仁街一號一樓,,,
18422,桃園市楊梅區梅獅路二段一三五號一樓,,,
18429,臺北市大安區杭州南路二段五號一樓,,,
18432,桃園市龍潭區福源路一號一樓,,,
18443,臺北市內湖區康寧路三段一五五號一樓,,,
18444,新竹市復中里中央路一八三號一樓,,,
18445,苗栗縣頭份市日新街四十二號一樓,,,
18447,臺北市內湖區金湖路四０三號一樓,,,
18453,新北市三重區中正北路六十六號一樓,,,
18458,桃園市八德區桃鶯路七十四號一樓,,,
18461,臺北市內湖區民權東路六段123巷30號、32號1樓,,,
18467,新竹市育英里四維路十七號一樓,,,
18473,彰化縣彰化市三民路三八六號一樓,,,
18474,彰化縣員林市中山路二段二號一樓,,,
18476,桃園市新屋區中山西路三段六一八號一樓,,,
18483,新北市三重區中央北路六十八號一樓,,,
18487,臺北市中山區德惠街一六七巷二號一樓,,,
18495,高雄市前鎮區中山二路一號一樓,,,
18496,高雄市鳳山區博愛路三五一號一樓,,,
18498,新北市中和區員山路五０二之七號一樓,,,
18499,新竹縣竹北市東興路三０五、三０七號一樓,,,
18504,新北市板橋區文化路二段四０八號一樓,,,
18507,臺中市南屯區黎明路一段一二九號一樓,,,
18508,臺南市永康區中正南路六四九號一樓,,,
18509,臺中市西屯區逢甲路二號一樓,,,
18510,嘉義縣大林鎮下潭底二十三之五號一樓,,,
18512,苗栗縣後龍鎮中山路三五０號一樓,,,
18515,臺南市北區臨安路二段二一五號一樓,,,
18516,屏東縣屏東市中山路一二八號一樓,,,
18518,雲林縣斗六市北平路一號一之一號一樓,,,
18524,南投縣名間鄉員集路三十三之十七號一樓,,,
18533,桃園市平鎮區大勇街六十四號一樓,,,
18535,新北市鶯歌區大湖路三六六號、中湖街二號一樓,,,
18537,新北市新莊區瓊林南路一三三號一樓,,,
18541,新北市中和區華新街二０八號一樓,,,
18550,新竹市關東里光復路一段三十二、三十四號一樓,,,
18557,新竹市武功里建中一路二號一樓,,,
18561,臺中市神岡區大洲路二號一樓,,,
18563,新北市樹林區三俊街二五四號一樓,,,
18566,臺北市內湖區民權東路六段二九六巷六十八號一樓,,,
18569,臺北市文山區試院路一０四號一樓,,,
18574,高雄市前鎮區鎮興路一０七號一樓,,,
18579,新北市三重區中華路十八號一樓,,,
18580,新竹市西雅里中山路四一四號一樓,,,
18583,屏東縣恆春鎮墾丁里墾丁路二十七號一樓,,,
18585,新竹縣寶山鄉雙園路2段327號1樓,,,
18588,桃園市八德區廣興路七九八-一號一樓及新興路二八０-一號一樓全部,,,
18589,桃園市八德區大華里大興路六七０號一Ｆ,,,
18594,新北市板橋區莊敬里莊敬路二四八號,,,
18598,桃園市八德區瑞泰里介壽路二段四九二號一樓,,,
18599,新竹市牛埔東路六號,,,
18606,臺北市松山區饒河街三十五號一樓,,,
18608,桃園市中壢區至善里三十六鄰龍和一街二四０號一樓及地下室,,,
18611,臺北市文山區萬興里指南路二段三十二號一樓,,,
18614,新北市中和區興南里信義街五十號一樓,,,
18619,桃園市楊梅區高榮里幼獅路二段三八八號一樓,,,
18623,臺北市大安區古莊里羅斯福路二段七十五之一號一樓,,,
18627,新北市三重區重新路二段二十九號一樓,,,
18628,新北市中和區員富里員山路五八一巷二號一樓,,,
18630,桃園市大園區國際路三段五八一號一樓,,,
18631,新北市汐止區環河里南陽街二六一號一樓,,,
18633,桃園市蘆竹區內厝里南山路二段四二九號一樓,,,
18637,臺北市內湖區湖元里陽光街三四七號一樓,,,
18641,嘉義市東區府路里十二鄰文化路八十七號一樓,,,
18642,臺南市華興里南園街一０三號一樓,,,
18643,新北市三重區大同里重新路三段九十八號一樓,,,
18648,屏東縣恆春鎮墾丁里五鄰墾丁路一九八號一樓,,,
18649,新北市三重區正義里自強路一段一六四及一六六號一樓,,,
18652,新北市板橋區雙十路三段十二、十四、十六號一樓,,,
18653,新北市三重區永安里永福街二五八號一樓,,,
18657,新北市板橋區莒光里文化路二段七十八號一樓,,,
18659,臺北市內湖區港墘里瑞光路一八八巷六十號一樓,,,
18662,臺北市大安區誠安里忠孝東路三段二八九號一樓,,,
18665,新北市三芝區埔坪村中正路一段六十八號一樓,,,
18667,新竹市福林里二鄰境福街一二八號一樓,,,
18674,臺北市內湖區湖元里瑞光路六十六巷三十三號一樓,,,
18678,桃園市蘆竹區瓦窯里四鄰南山路一段三七八號一樓,,,
18683,臺北市北投區一德里中央北路四段八號一樓,,,
18684,高雄市大社區翠屏村中山路四五九號一樓,,,
18685,新北市新莊區新豐街十一號一樓,,,
18688,新北市樹林區柑園街一段四十九號一樓,,,
18691,新竹市東區埔頂里埔頂路七十一號一樓,,,
18693,桃園市平鎮區東社里圳南路二號一樓,,,
18696,臺中市大甲區孟春里經國路一九三二號一樓,,,
18701,桃園市大溪區瑞源里二十一鄰石園路六、八、十號一樓,,,
18702,苗栗縣苗栗市大同里七鄰光復路一六一號一樓,,,
18703,彰化縣員林市惠來里中山南路三十八、四十號一樓,,,
18706,桃園市大園區埔心里十三鄰十八-一、二十號一樓,,,
18707,嘉義市西區美源里六鄰興業西路一三九號一樓,,,
18708,新北市金山區美田村中正路二十六號一樓,,,
18709,桃園市八德區大強里東勇街四０二號一樓部份,,,
18715,新北市樹林區保安里千歲街九十號一樓,,,
18716,新北市石碇區潭邊村湳窟二號一樓,,,
18717,臺南市中西區仙草里西門路一段五八０號一樓,,,
18719,嘉義市西區民族路六五二號一樓,,,
18721,桃園市桃園區中寧里,,,
18723,新北市樹林區太平路一五０巷三十八號一樓,,,
18725,新北市三重區長安里中央北路一三二號一樓,,,
18726,臺北市大安區光復南路二九０巷二十五號一樓,,,
18727,新北市八里區中山路一段一七七號一樓,,,
18731,新北市汐止區保一街四十一號一樓,,,
18733,新北市三重區平和里大同南路六十九號一樓,,,
18734,桃園市蘆竹區坑口里十七鄰海山路一段十三號一樓,,,
18736,桃園市蘆竹區大華街六十九-一、六十九-二號一樓全部,,,
18743,桃園市大溪區新峰里復興路2段763號1樓,,,
18750,桃園市復興區澤仁里中正路275-9號1樓,,,
18752,新北市新店區信義里中興路三段三０四號一樓,,,
18754,桃園市楊梅區瑞原里十三鄰民富路一段三六八、三七０號一樓,,,
18755,桃園市中壢區新街里延平路二七０號一樓,,,
18757,桃園市中壢區中園路二段五四四號一樓,,,
18759,新北市新莊區化成里化成路八十五號一樓,,,
18760,桃園市楊梅區富岡里成功路二號一樓,,,
18761,新北市淡水區竿蓁里淡金路十八號一樓,,,
18764,苗栗縣後龍鎮光華路四二一號一樓,,,
18765,新北市土城區員信里中正路八號一樓,,,
18766,新北市三重區同安里大同南路一五三、一五三之一號一樓,,,
18768,新北市三重區永清里永福街十一號一樓,,,
18770,新北市永和區和平里永平路一六四號一樓,,,
18774,新北市五股區五權路四十二之一號、四十二之二號一樓,,,
18775,桃園市龜山區中興路二六五號一樓,,,
18780,臺北市文山區景慶里景福街二三０巷二號一樓,,,
18781,臺北市大同區揚雅里昌吉街六十三號一樓,,,
18784,新北市三重區光陽里三陽路五十九號一樓,,,
18786,桃園市蘆竹區長興里七鄰南工路一段十四號一樓,,,
18787,新北市中和區廟美里泰和街十號一樓,,,
18789,桃園市八德區興仁里一鄰中山路四十二號一樓,,,
18791,新北市板橋區聚安里龍興街73巷2號、4號1樓,,,
18796,臺中市北屯區中清路二段950號1樓,,,
18799,雲林縣大埤鄉延平路三段五八二、五八四號一樓,,,
18802,新竹縣竹北市竹義里中華路三四八號一樓,,,
18803,臺北市文山區萬祥里羅斯福路五段二０三號一樓,,,
18806,雲林縣崙背鄉南陽村中山路二六五、二六七號一樓,,,
18814,臺北市松山區吉祥里南京東路五段三十四號一樓,,,
18816,新北市板橋區崑崙里大觀路三段一六０巷三十一弄一號一樓,,,
18820,臺北市中正區泉州街31號、33號、寧波西街104號1樓,,,
18821,新北市八里區訊塘村商港路四十六、四十八號一樓,,,
18822,臺北市大安區光武里復興南路一段一三五巷二十一號一樓,,,
18825,桃園市龜山區文化二路一五五號一樓,,,
18827,嘉義縣梅山鄉梅北村中山路五七九號一樓,,,
18832,高雄市三民區建工路五八二號一樓,,,
18835,彰化縣溪湖鎮東溪里員鹿路一段二五三號一樓,,,
18836,桃園市桃園區中泰里聖一街一六六號一樓,,,
18839,彰化縣鹿港鎮頂番里頂草路一段一０六號一樓,,,
18846,臺北市中山區力行里長安東路二段一七一之七號一樓,,,
18848,桃園市桃園區莊敬里莊敬路一段三０四號一樓,,,
18851,臺北市中山區復華里長春路二０八號一樓,,,
18853,新竹市東區成功里林森路四十六號一樓,,,
18856,桃園市大園區埔心里中正東路一段六七三號一樓,,,
18858,桃園市蘆竹區內厝里南山路二段一六六號一樓,,,
18861,臺南市南區田寮里西門路一段二七七號一樓,,,
18865,桃園市楊梅區獅二路十八號一樓,,,
18869,臺中市南區積善里興大路三００號一樓,,,
18871,新北市樹林區保安里保安街一段十八之三號一樓,,,
18873,新北市五股區五工區五工六路二十八號一樓,,,
18875,桃園市中壢區華愛里榮民南路三０一號一樓,,,
18882,桃園市蘆竹區海湖里濱海路一段二０三號一樓,,,
18884,臺中市大甲區幸福里中山路二段五八四之五號一樓,,,
18886,臺中市大里區東榮路四八八號一樓,,,
18887,新北市三重區重陽里大仁路七十八號一樓,,,
18889,高雄市林園區林園村忠孝西路三十五號一樓,,,
18892,桃園市楊梅區永寧里環南路六號一樓,,,
18894,嘉義縣太保市過溝里麻太路二００號、二０二號一樓,,,
18895,桃園市蘆竹區內厝里長興路三段二一七號一樓,,,
18897,雲林縣斗六市鎮南里明德路四五五號一樓,,,
18900,桃園市蘆竹區光明路二段171號、173號1樓,,,
18901,臺中市太平區鵬儀路二九六巷一號一樓,,,
18904,臺北市內湖區民權東路六段五八號一樓,,,
18906,臺中市西屯區逢福里逢大路一五號一樓,,,
18909,嘉義縣番路鄉下坑村四六號一樓,,,
18910,臺北市松山區健康路三二五巷一二弄二號一樓,,,
18915,新北市五股區五股鄉成泰村西雲路一號一樓,,,
18919,新竹市水利路七七號七九號一樓,,,
18920,臺中市清水區清水鎮民族路二段三六八號一樓,,,
18921,雲林縣莿桐鄉中正路一六五號一樓,,,
18922,苗栗縣苑裡鎮新復里九鄰新復一三二之一三號一樓,,,
18923,桃園市大園區華興路三二三號一樓,,,
18935,桃園市蘆竹區錦中里南崁路一段二二五號、二二七號一樓,,,
18936,桃園市大園區內海里民生路一五四號一樓,,,
18937,臺中市烏日區九德村中山路一段二一八號一樓,,,
18938,新竹市北大路一號一樓,,,
18940,高雄市三民區寶民里九如一路二二七號一樓,,,
18941,臺南市東區崇德路九八六號一樓,,,
18943,臺中市西屯區福林里福科路541號1樓,,,
18946,新北市三重區文化北路一０號一樓,,,
18948,屏東縣林邊鄉仁和村中山路一八七號一樓,,,
18952,桃園市龜山區文化一路七三號一樓,,,
18956,新北市汐止區福德一路二七０號一樓,,,
18957,桃園市新屋區中華南路二段一三號一樓,,,
18959,桃園市楊梅區中山南路五五八號一樓,,,
18968,臺南市東區林森路二段一九二巷二九號一樓,,,
18971,彰化縣員林市員水路一段一七０號一樓,,,
18972,基隆市仁愛區精一路一號一樓,,,
18975,新北市五股區中興路二段一三號一樓,,,
18979,臺北市北投區中央北路三段四四、四六號一樓,,,
18981,臺北市信義區虎林街一六四巷六０弄二號一樓,,,
18982,新竹市東區明湖路七一二號一樓,,,
18984,新竹市榮光里中正路四九號一樓,,,
18986,宜蘭縣羅東鎮傳藝路3段201號1樓,,,
18988,苗栗縣三義鄉水美路二一０號一樓,,,
18990,新北市蘆洲區南港里永平街三０號一樓,,,
18991,新北市五股區五工區五工五路一八號一樓,,,
18992,新竹縣竹北市中正西路六七一號一樓,,,
18994,臺中市大甲區幼獅路一號一樓,,,
18995,新北市深坑區北深路二段57號、59號、61號1樓,,,
18996,臺中市大里區爽文路三０六號一樓,,,
18997,桃園市中壢區興國里中豐路七九號、七九之一號一樓,,,
19002,新北市三峽區中正路二段三三一之一號一樓,,,
19003,桃園市桃園區南平路二八０號、二八二號一樓,,,
19006,高雄市鳳山區力行路八一號、八三號一樓,,,
19012,臺北市信義區永吉路一二五號一樓,,,
19014,高雄市大寮區中庄村中庄路一號一樓　,,,
19015,南投縣草屯鎮芬草路2段561號1樓,,,
19017,臺北市大安區延吉街一三一巷四三號一樓,,,
19020,桃園市平鎮區自由街二一五、二一七號一樓,,,
19022,高雄市楠梓區惠楠里楠梓新路二五九號一樓,,,
19025,新竹縣湖口鄉鳳林村榮光路一二三號一樓,,,
19027,臺北市大同區延平北路二段一一四、一一六、一一八號及民生西路三三五號一樓,,,
19028,臺北市士林區社正路七五號一樓,,,
19029,桃園市桃園區建國東路一一號一樓,,,
19031,臺北市大安區忠孝東路四段181巷8號,,,
19032,新北市三重區仁化街一二０號一樓,,,
19036,嘉義縣竹崎鄉紫雲村大竹圍一四之九號一樓,,,
19038,桃園市大園區漁港路387號,,,
19039,新竹市高峰路三八六巷五號一樓,,,
19040,臺南市安定區六嘉村三二之一號一樓,,,
19041,新北市三峽區中正路一段七五之一號一樓,,,
19045,臺北市大同區哈密街五九巷二一號一樓,,,
19047,桃園市龍潭區中正路六一三號一樓,,,
19048,臺中市太平區光興路二二八八號一樓,,,
19052,屏東縣長治鄉中興路627號1樓,,,
19053,臺中市豐原區大豐路五段350號,,,
19054,新北市中和區民德路163、165、167、169號,,,
19055,臺南市新化區崙子頂64之3、64之5號,,,
19056,彰化縣彰化市南興里中山路1段366號,,,
19057,南投縣竹山鎮中崎里中和路12之1號,,,
19058,桃園市中壢區恩德街40號1樓、慈惠二街41號1、2樓,,,
19059,屏東縣新園鄉共和村光復路126號,,,
19060,彰化縣員林市復興二街120號1樓,,,
19061,南投縣竹山鎮前山路1段205號1樓,,,
19062,桃園市桃園區自強路85號及中山東路151號 1、2樓,,,
19063,彰化縣溪湖鎮彰水路2段823號1樓,,,
19064,新北市八里區訊塘里商港路6、8、10號,,,
19065,臺中市中區雙十路1段29號1樓、29號2樓之1,,,
19066,新北市淡水區崁頂里新市五路2段51、53、55號1樓,,,
19067,新北市三重區五順里仁義街192、194、196號1樓,,,
19068,雲林縣虎尾鎮光復路353號1、2樓,,,
19069,新北市中和區安平路89-2號及89-3號1、2樓,,,
19070,桃園市八德區高城路66號及高城六街2號1樓,,,
19071,嘉義縣民雄鄉神農路42號1樓,,,
19072,高雄市前金區新田路323號,,,
19073,高雄市林園區五福里五福路250號,,,
19074,新北市三重區文化南路30、32號1樓,,,
19075,屏東縣屏東市北興里公裕街167號,,,
19076,臺北市中山區錦州街32-1、32-2號1樓,,,
19077,高雄市三民區建國二路28號,,,
19078,臺中市大雅區月祥路466-1、468號,,,
19079,桃園市觀音區長春街50號,,,
19080,新北市板橋區江寧路三段49、51號1樓,,,
19081,桃園市觀音區新生路1621號,,,
19082,臺南市玉井區中山路82-1號1樓,,,
19083,嘉義縣東石鄉猿樹村147號1樓,,,
19084,嘉義縣布袋鎮中正路143號,,,
19085,桃園市中壢區龍東路122、124號1樓,,,
19086,新北市三重區國隆路19、21、23號1樓,,,
19087,臺南市將軍區平沙里平沙1-19號1樓,,,
19088,基隆市七堵區百七街72、74號1樓,,,
19089,基隆市信義區孝東路92號地下一層之9,,,
19090,嘉義市東區吳鳳南路635號1樓,,,
19091,臺中市大里區塗城路158-1號,,,
19092,新北市新店區寶橋路235巷128號1樓,,,
19093,新北市八里區中山路1段43號、43之1號1樓,,,
19094,臺北市內湖區康樂街136巷18弄1號1樓,,,
19095,新北市林口區文化北路1段123號1樓,,,
19096,高雄市大樹區學城路1段5號1樓,,,
19098,雲林縣斗六市南京西路102號1樓,,,
19099,臺中市南區忠孝路193號1、2樓及地下室,,,
19100,新竹縣竹北市中正西路213號1樓,,,
19101,臺中市東勢區石城街200、202號1樓,,,
19102,彰化縣員林市中正路256號1樓,,,
19104,新北市新莊區幸福東路149、151號1樓,,,
19105,新北市新莊區昌平街96、98號1樓,,,
19106,桃園市龍潭區梅龍路511號1樓,,,
19107,新北市永和區智光里中正路144、146號1~4樓,,,
19108,高雄市大寮區華中路1號,,,
19109,臺中市南屯區永春路28之6號1樓,,,
19110,新北市三重區光復路2段117之1號1樓,,,
19111,新北市淡水區北新路二段17號,,,
19112,高雄市左營區正心街102號1、2樓,,,
19113,新北市蘆洲區民族路504號、三民路128巷53號,,,
19114,臺北市中山區龍江路333號及331巷1號,,,
19115,臺北市松山區莊敬里撫遠街394巷1、3號,,,
19116,宜蘭縣宜蘭市陽明二路78、80、82號1樓,,,
19117,臺中市烏日區成功東路3、5號1樓,,,
19118,屏東縣萬巒鄉萬德路2號1樓,,,
19119,新北市泰山區新民路10、12號1樓,,,
19120,桃園市桃園區大興路172號,,,
19121,新竹市東區林森路2號1樓,,,
19122,臺北市中山區中山北路2段65巷6號1、2樓,,,
19123,桃園市楊梅區梅獅路2段18號,,,
19124,屏東縣恆春鎮大光里大光路89號,,,
19125,南投縣鹿谷鄉中正路2段77號,,,
19126,新竹市科學園路151號及光復路1段531巷132、136號,,,
19127,嘉義市東區保建街40、42、46號1樓,,,
19128,臺中市東勢區東崎路5段308、310號1樓,,,
19131,臺北市士林區社正路２７號１樓,,,
19134,新北市三重區重新路四段２４４巷４０號１樓,,,
19136,新北市板橋區幸福路七十巷１號１樓,,,
19151,新北市三重區中興北街１３４號１樓,,,
19154,新竹縣埔前里牛脯南路一八0號、一八二號一樓,,,
19158,新北市新店區中正路２８２–１０號１樓,,,
19159,新北市新店區三民路５８號１樓,,,
19161,臺北市中山區中山北路二段１３７巷２號１樓,,,
19162,臺北市南港區忠孝東路六段２５２號１樓,,,
19163,臺北市士林區延平北路五段１３８號１樓,,,
19165,臺北市信義區福德街２６６號１樓,,,
19169,新北市中和區連城路４７巷１號１樓,,,
19173,臺北市中山區民生西路２號１樓,,,
19174,新北市中和區成功南路１５號１樓,,,
19175,臺北市信義區林口街３６號１樓,,,
19176,臺北市文山區木新路三段２３２巷６弄１８號１樓,,,
19180,新北市三重區溪尾街１２２號１樓,,,
19193,臺北市士林區福國路１００號１樓之３,,,
19200,新北市板橋區府中路２４號１樓,,,
19202,高雄縣岡山路２４４號及２４６號１樓,,,
19204,新北市新店區建國路１５４號１樓,,,
19209,臺北市梧州街２９號１樓,,,
19211,新北市三重區自強路四段６０號１樓,,,
19219,高雄市鳳山區五甲二路５４３號１樓,,,
19220,新北市深坑區深坑村埔新街５６號１樓,,,
19223,桃園市中壢區中山路４３８號１樓,,,
19227,新竹市武昌街１２號１樓,,,
19230,高雄市大寮區鳳林三路１０３號１樓,,,
19233,新北市三重區中興北街１９５、１９７號１樓,,,
19236,高雄市鼓山區大順一路九三五號一樓,,,
19241,新北市新莊區福營路三三六、三三八號一樓,,,
19249,新竹市南大路５５５號１樓,,,
19250,高雄市鳳山區五福二路８２號１樓,,,
19256,臺北市松山區八德路三段１２巷５１弄２號１樓,,,
19257,台北市民權東路五段三二號一樓,,,
19259,高雄市仁武區永宏巷２號１樓,,,
19261,高雄市前金區自強一路７１號１樓,,,
19262,臺北市大同區迪化街一段４８、５０號１樓,,,
19267,高雄市前鎮區瑞北路６６號１樓,,,
19273,臺北市中山區中原街７７號１樓,,,
19279,臺南市關廟區香洋里中央路230號,,,
19280,桃園市楊梅區金德路18號,,,
19281,新北市三重區大勇街82巷2號、4號,,,
19282,高雄市新興區六合二路66號,,,
19283,臺中市沙鹿區正德路126號1樓,,,
19284,臺南市安南區長和路一段406號,,,
19285,新北市五股區凌雲路三段46號1樓,,,
19286,南投縣埔里鎮中山路三段219號,,,
19287,臺中市大里區永隆路30號1樓,,,
19288,彰化縣員林市中山路二段87號1、2樓,,,
19289,屏東縣屏東市林森路東段100號1樓,,,
19290,桃園市平鎮區南京路186號,,,
19291,臺中市北區漢口路三段172號、174號1樓,,,
19292,高雄市鼓山區龍德路261號,,,
19293,臺北市內湖區新湖二路259巷6號1樓,,,
19294,臺中市南區復興路2段73號1樓,,,
19295,新北市林口區文化三路一段39巷297號,,,
19296,臺北市萬華區內江街126、128號1樓,,,
19297,桃園市龜山區自強東路192號1樓,,,
19298,彰化縣永靖鄉中山路3段480號,,,
19299,桃園市桃園區同安街442之5、444號,,,
19300,雲林縣臺西鄉蚊港村134號,,,
19301,高雄市新興區錦田路54號1樓,,,
19302,臺北市士林區承德路4段80巷57號、劍潭路62號1樓,,,
19303,臺中市南屯區文心路一段196、198號1樓,,,
19304,臺中市梧棲區自強二街76號,,,
19307,桃園市中壢區永興街２８號１樓,,,
19309,新北市板橋區僑中一街一二五巷八弄二號一樓,,,
19310,臺北市士林區社子街６３巷２號１樓,,,
19318,桃園市中壢區環北路１號１樓,,,
19324,臺中市豐原區三民路八十六號一樓,,,
19325,新北市淡水區水源街二段194號1樓及地下1樓,,,
19331,臺中市大里區東榮路３５８號１樓,,,
19332,新北市新莊區裕民街８３之６號１樓,,,
19338,臺中市西區忠誠街１０３、１０５號１樓,,,
19339,臺中市豐原區中山路４１８號１樓,,,
19341,臺北市中正區延平南路２１０號１樓,,,
19342,新竹縣竹東鎮東寧路二段３４０號１樓,,,
19343,高雄市鼓山區鼓元街８４號１樓,,,
19345,臺北市北投區懷德街五號一樓,,,
19347,高雄市三民區建工路三０二之一號一樓,,,
19353,苗栗市國華路３１１號１樓,,,
19354,新北市三重區中興北街４２號１樓,,,
19355,新北市中和區莊敬路２９號１樓,,,
19356,台北縣蘆洲鄉民權路１１３號１樓,,,
19358,新北市三重區車路頭街３５號１樓,,,
19361,新北市三重區五華街六０號一樓,,,
19367,桃園市中壢區忠孝路１０７、１０９號１樓,,,
19381,臺中市沙鹿區中棲路五四號一樓,,,
19384,桃園市大園區中山北路７５、７７號１樓,,,
19387,新北市中和區興南路二段一一八號一樓,,,
19389,桃園市中壢區中正路六六五號一樓,,,
19393,臺中市清水區中華路４０５、４０７號１樓,,,
19397,高雄市前鎮區明孝里漁港中二路四二號一樓,,,
19400,台北縣汐止鎮連興街二六號一樓,,,
19401,台北縣汐止鎮水源路一段二七五號一樓,,,
19405,桃園市平鎮區高雙路二號一樓,,,
19406,新竹市境福里成功路一六三號一樓,,,
19409,桃園市三民里三民路一段九九號一樓,,,
19415,高雄市鼓山區九如四路二００四號一樓,,,
19422,臺中市沙鹿區中山路２９４、２９６號１樓,,,
19431,高雄市前金區大同二路十一號一樓,,,
19434,臺北市中山區南京東路三段２１６巷１７號１樓,,,
19437,新竹市西大路一一九號一樓,,,
19439,新北市三重區大同北路九一號一樓,,,
19450,新北市汐止區康福里福德一路十號一樓,,,
19453,臺北市內湖區康樂街９２號１樓,,,
19459,臺北市內湖區民權東路六段７５號１樓,,,
19473,苗栗縣苑裡鎮介壽路二之七號一樓,,,
19486,新北市三重區力行路二段五一號一樓,,,
19489,彰化縣彰化市中山路三段七０六號一樓,,,
